N,gamma,tau_regime,rep,estimator,outcome_model,seed,ate_hat,ate_true,ate_bias,wall_s
1000,0.0,homogeneous,raw,dr,lgbm,0,0.3204792185636684,0.3,0.02047921856366841,3.2508368492126465
1000,0.0,homogeneous,raw,dr,linear,0,0.1680688183220508,0.3,0.13193118167794918,0.13932180404663086
1000,0.0,homogeneous,raw,tlearner,lgbm,0,0.2023466880390278,0.3,0.09765331196097218,0.7911951541900635
1000,0.0,homogeneous,concept,dr,lgbm,0,0.3057839673647479,0.3,0.0057839673647478995,2.060594320297241
1000,0.0,homogeneous,concept,dr,linear,0,0.3118435935949682,0.3,0.011843593594968227,0.013545036315917969
1000,0.0,homogeneous,concept,tlearner,lgbm,0,0.2574805799898967,0.3,0.04251942001010328,0.7000648975372314
1000,0.0,homogeneous,learned,dr,lgbm,0,0.3209121413436816,0.3,0.020912141343681634,1.913330078125
1000,0.0,homogeneous,learned,dr,linear,0,0.27628970853815493,0.3,0.023710291461845057,0.012489080429077148
1000,0.0,homogeneous,learned,tlearner,lgbm,0,0.24629617628020006,0.3,0.053703823719799926,0.6380341053009033
1000,0.0,homogeneous,raw,dr,lgbm,1,0.4881467945023424,0.3,0.1881467945023424,2.7202868461608887
1000,0.0,homogeneous,raw,dr,linear,1,0.19453327023463912,0.3,0.10546672976536087,0.13454699516296387
1000,0.0,homogeneous,raw,tlearner,lgbm,1,0.3080152517745765,0.3,0.008015251774576515,0.8287458419799805
1000,0.0,homogeneous,concept,dr,lgbm,1,0.38593604466906317,0.3,0.08593604466906318,2.138582944869995
1000,0.0,homogeneous,concept,dr,linear,1,0.37119219624055316,0.3,0.07119219624055317,0.013010025024414062
1000,0.0,homogeneous,concept,tlearner,lgbm,1,0.36086685430443927,0.3,0.06086685430443928,0.7126820087432861
1000,0.0,homogeneous,learned,dr,lgbm,1,0.29212332265279817,0.3,0.007876677347201821,1.8946459293365479
1000,0.0,homogeneous,learned,dr,linear,1,0.2812353893442182,0.3,0.018764610655781777,0.01231694221496582
1000,0.0,homogeneous,learned,tlearner,lgbm,1,0.2784437473088558,0.3,0.021556252691144195,0.6245110034942627
1000,0.0,homogeneous,raw,dr,lgbm,2,0.615129745760142,0.3,0.315129745760142,2.7998158931732178
1000,0.0,homogeneous,raw,dr,linear,2,0.9625541724160002,0.3,0.6625541724160002,0.13352608680725098
1000,0.0,homogeneous,raw,tlearner,lgbm,2,0.3300940775325544,0.3,0.030094077532554386,0.778144121170044
1000,0.0,homogeneous,concept,dr,lgbm,2,0.3421799559131702,0.3,0.0421799559131702,2.1845059394836426
1000,0.0,homogeneous,concept,dr,linear,2,0.361935531283707,0.3,0.06193553128370699,0.012912273406982422
1000,0.0,homogeneous,concept,tlearner,lgbm,2,0.3655024602692299,0.3,0.0655024602692299,0.7594199180603027
1000,0.0,homogeneous,learned,dr,lgbm,2,0.39184918549012815,0.3,0.09184918549012816,1.987577199935913
1000,0.0,homogeneous,learned,dr,linear,2,0.33736059349442515,0.3,0.037360593494425165,0.012775897979736328
1000,0.0,homogeneous,learned,tlearner,lgbm,2,0.3722080743918593,0.3,0.07220807439185933,0.6317508220672607
2000,0.0,homogeneous,raw,dr,lgbm,0,0.3657454062849342,0.3,0.0657454062849342,3.3162620067596436
2000,0.0,homogeneous,raw,dr,linear,0,0.4418399032386892,0.3,0.14183990323868922,0.2696199417114258
2000,0.0,homogeneous,raw,tlearner,lgbm,0,0.20383189345450534,0.3,0.09616810654549465,1.0923058986663818
2000,0.0,homogeneous,concept,dr,lgbm,0,0.2787689134997286,0.3,0.02123108650027139,2.7630369663238525
2000,0.0,homogeneous,concept,dr,linear,0,0.2887397820124538,0.3,0.011260217987546173,0.01626896858215332
2000,0.0,homogeneous,concept,tlearner,lgbm,0,0.2610853060610624,0.3,0.038914693938937595,0.8483750820159912
2000,0.0,homogeneous,learned,dr,lgbm,0,0.2752186014893611,0.3,0.024781398510638875,2.5039353370666504
2000,0.0,homogeneous,learned,dr,linear,0,0.290874264448178,0.3,0.009125735551822,0.01502680778503418
2000,0.0,homogeneous,learned,tlearner,lgbm,0,0.2754510524129984,0.3,0.0245489475870016,0.8174221515655518
2000,0.0,homogeneous,raw,dr,lgbm,1,0.5856811428774559,0.3,0.2856811428774559,3.4169199466705322
2000,0.0,homogeneous,raw,dr,linear,1,0.4071015816521572,0.3,0.10710158165215722,0.2637650966644287
2000,0.0,homogeneous,raw,tlearner,lgbm,1,0.27322393828494407,0.3,0.02677606171505592,1.0738050937652588
2000,0.0,homogeneous,concept,dr,lgbm,1,0.32751068316000764,0.3,0.027510683160007654,2.7145919799804688
2000,0.0,homogeneous,concept,dr,linear,1,0.3100954229659229,0.3,0.010095422965922918,0.016171932220458984
2000,0.0,homogeneous,concept,tlearner,lgbm,1,0.3147888811483085,0.3,0.014788881148308508,0.867372989654541
2000,0.0,homogeneous,learned,dr,lgbm,1,0.2611701951384425,0.3,0.038829804861557515,2.4883131980895996
2000,0.0,homogeneous,learned,dr,linear,1,0.25706207836079636,0.3,0.042937921639203624,0.015532970428466797
2000,0.0,homogeneous,learned,tlearner,lgbm,1,0.255861034393937,0.3,0.04413896560606301,0.8341639041900635
2000,0.0,homogeneous,raw,dr,lgbm,2,0.18552623382046773,0.3,0.11447376617953225,3.451749086380005
2000,0.0,homogeneous,raw,dr,linear,2,-0.1768413342312669,0.3,0.4768413342312669,0.2771580219268799
2000,0.0,homogeneous,raw,tlearner,lgbm,2,0.30102623348279134,0.3,0.00102623348279135,1.084622859954834
2000,0.0,homogeneous,concept,dr,lgbm,2,0.32408934040820114,0.3,0.024089340408201154,2.763676881790161
2000,0.0,homogeneous,concept,dr,linear,2,0.33531113593344214,0.3,0.03531113593344215,0.01576709747314453
2000,0.0,homogeneous,concept,tlearner,lgbm,2,0.32751299563051417,0.3,0.02751299563051418,0.9359309673309326
2000,0.0,homogeneous,learned,dr,lgbm,2,0.34124748724679427,0.3,0.04124748724679428,2.661101818084717
2000,0.0,homogeneous,learned,dr,linear,2,0.3364613029240173,0.3,0.036461302924017336,0.015032052993774414
2000,0.0,homogeneous,learned,tlearner,lgbm,2,0.35188522391209814,0.3,0.051885223912098155,0.8358981609344482
1000,0.3,homogeneous,raw,dr,lgbm,0,0.4274934648503362,0.3,0.1274934648503362,2.6416289806365967
1000,0.3,homogeneous,raw,dr,linear,0,0.18842011369666972,0.3,0.11157988630333027,0.13440704345703125
1000,0.3,homogeneous,raw,tlearner,lgbm,0,0.29139102440849257,0.3,0.008608975591507417,0.7812328338623047
1000,0.3,homogeneous,concept,dr,lgbm,0,0.3848463375363419,0.3,0.08484633753634191,2.0662310123443604
1000,0.3,homogeneous,concept,dr,linear,0,0.3966851917748753,0.3,0.09668519177487533,0.013432979583740234
1000,0.3,homogeneous,concept,tlearner,lgbm,0,0.3563506350316247,0.3,0.056350635031624685,0.7130799293518066
1000,0.3,homogeneous,learned,dr,lgbm,0,0.37286593270638596,0.3,0.07286593270638597,1.9394280910491943
1000,0.3,homogeneous,learned,dr,linear,0,0.3296909839624126,0.3,0.029690983962412598,0.01320028305053711
1000,0.3,homogeneous,learned,tlearner,lgbm,0,0.3365149656818056,0.3,0.03651496568180562,0.6238431930541992
1000,0.3,homogeneous,raw,dr,lgbm,1,0.4140088778571396,0.3,0.11400887785713959,2.7240519523620605
1000,0.3,homogeneous,raw,dr,linear,1,0.336577051462761,0.3,0.03657705146276102,0.13557887077331543
1000,0.3,homogeneous,raw,tlearner,lgbm,1,0.3507844112980388,0.3,0.05078441129803879,0.8377559185028076
1000,0.3,homogeneous,concept,dr,lgbm,1,0.42516861219177454,0.3,0.12516861219177455,2.0606250762939453
1000,0.3,homogeneous,concept,dr,linear,1,0.41657486552803547,0.3,0.11657486552803548,0.013502836227416992
1000,0.3,homogeneous,concept,tlearner,lgbm,1,0.3899148365351931,0.3,0.08991483653519311,0.7204773426055908
1000,0.3,homogeneous,learned,dr,lgbm,1,0.3315464060907727,0.3,0.031546406090772694,1.978147029876709
1000,0.3,homogeneous,learned,dr,linear,1,0.3301801610183562,0.3,0.03018016101835619,0.013350248336791992
1000,0.3,homogeneous,learned,tlearner,lgbm,1,0.3112234855322528,0.3,0.01122348553225283,0.6271741390228271
1000,0.3,homogeneous,raw,dr,lgbm,2,0.9935860340168345,0.3,0.6935860340168345,2.706632137298584
1000,0.3,homogeneous,raw,dr,linear,2,1.1983691775602254,0.3,0.8983691775602254,0.1345200538635254
1000,0.3,homogeneous,raw,tlearner,lgbm,2,0.3972221606964786,0.3,0.0972221606964786,0.7852957248687744
1000,0.3,homogeneous,concept,dr,lgbm,2,0.40142648825476895,0.3,0.10142648825476897,2.119143009185791
1000,0.3,homogeneous,concept,dr,linear,2,0.4343939428037274,0.3,0.1343939428037274,0.013720035552978516
1000,0.3,homogeneous,concept,tlearner,lgbm,2,0.42576172054686656,0.3,0.12576172054686657,0.7050790786743164
1000,0.3,homogeneous,learned,dr,lgbm,2,0.4151040138873482,0.3,0.1151040138873482,2.009307861328125
1000,0.3,homogeneous,learned,dr,linear,2,0.3591398255691337,0.3,0.05913982556913372,0.01324009895324707
1000,0.3,homogeneous,learned,tlearner,lgbm,2,0.45198378880321,0.3,0.15198378880321,0.6220428943634033
2000,0.3,homogeneous,raw,dr,lgbm,0,0.48967642022028407,0.3,0.18967642022028408,3.2922890186309814
2000,0.3,homogeneous,raw,dr,linear,0,0.3934289943173445,0.3,0.09342899431734453,0.275371789932251
2000,0.3,homogeneous,raw,tlearner,lgbm,0,0.2808729045889705,0.3,0.01912709541102947,1.0547659397125244
2000,0.3,homogeneous,concept,dr,lgbm,0,0.3620356511123481,0.3,0.0620356511123481,2.681076765060425
2000,0.3,homogeneous,concept,dr,linear,0,0.3675311589445264,0.3,0.06753115894452644,0.01599884033203125
2000,0.3,homogeneous,concept,tlearner,lgbm,0,0.3436419243139232,0.3,0.04364192431392322,0.8796329498291016
2000,0.3,homogeneous,learned,dr,lgbm,0,0.35595500194386986,0.3,0.055955001943869875,2.4598381519317627
2000,0.3,homogeneous,learned,dr,linear,0,0.374033494911987,0.3,0.07403349491198702,0.015610933303833008
2000,0.3,homogeneous,learned,tlearner,lgbm,0,0.3707584938252916,0.3,0.07075849382529159,0.8167049884796143
2000,0.3,homogeneous,raw,dr,lgbm,1,0.7447726299145527,0.3,0.44477262991455274,3.3496949672698975
2000,0.3,homogeneous,raw,dr,linear,1,0.6204317495090531,0.3,0.3204317495090531,0.2635951042175293
2000,0.3,homogeneous,raw,tlearner,lgbm,1,0.3137974788785972,0.3,0.013797478878597225,1.0840070247650146
2000,0.3,homogeneous,concept,dr,lgbm,1,0.3762369057962329,0.3,0.07623690579623293,2.6845059394836426
2000,0.3,homogeneous,concept,dr,linear,1,0.3595161179042117,0.3,0.059516117904211685,0.016313791275024414
2000,0.3,homogeneous,concept,tlearner,lgbm,1,0.35885594874609983,0.3,0.05885594874609984,0.8396670818328857
2000,0.3,homogeneous,learned,dr,lgbm,1,0.3070416282321292,0.3,0.007041628232129227,2.473067045211792
2000,0.3,homogeneous,learned,dr,linear,1,0.3014886346623331,0.3,0.0014886346623331215,0.01566290855407715
2000,0.3,homogeneous,learned,tlearner,lgbm,1,0.31268636895529006,0.3,0.012686368955290073,0.8315300941467285
2000,0.3,homogeneous,raw,dr,lgbm,2,0.4401031469232314,0.3,0.1401031469232314,3.3894028663635254
2000,0.3,homogeneous,raw,dr,linear,2,-0.00012910439740930894,0.3,0.3001291043974093,0.2653238773345947
2000,0.3,homogeneous,raw,tlearner,lgbm,2,0.37099351480178283,0.3,0.07099351480178284,1.0652751922607422
2000,0.3,homogeneous,concept,dr,lgbm,2,0.3836629398635185,0.3,0.08366293986351853,2.737050771713257
2000,0.3,homogeneous,concept,dr,linear,2,0.3965891671358519,0.3,0.09658916713585192,0.01594996452331543
2000,0.3,homogeneous,concept,tlearner,lgbm,2,0.3971802219333131,0.3,0.0971802219333131,0.9284536838531494
2000,0.3,homogeneous,learned,dr,lgbm,2,0.40313183032451666,0.3,0.10313183032451667,2.610200881958008
2000,0.3,homogeneous,learned,dr,linear,2,0.40174375259514594,0.3,0.10174375259514595,0.015748977661132812
2000,0.3,homogeneous,learned,tlearner,lgbm,2,0.41744330431456234,0.3,0.11744330431456235,0.8739650249481201
1000,0.0,homogeneous,raw,dr,lgbm,3,0.643332344945208,0.3,0.343332344945208,4.137818098068237
1000,0.0,homogeneous,raw,dr,linear,3,0.7232002711035808,0.3,0.42320027110358077,0.1336832046508789
1000,0.0,homogeneous,raw,tlearner,lgbm,3,0.36351040809033985,0.3,0.06351040809033986,0.7868311405181885
1000,0.0,homogeneous,concept,dr,lgbm,3,0.3882795317978457,0.3,0.0882795317978457,2.1217527389526367
1000,0.0,homogeneous,concept,dr,linear,3,0.3663772959499804,0.3,0.06637729594998043,0.01218414306640625
1000,0.0,homogeneous,concept,tlearner,lgbm,3,0.378548471195307,0.3,0.078548471195307,0.732903242111206
1000,0.0,homogeneous,learned,dr,lgbm,3,0.4096753234960436,0.3,0.10967532349604359,2.122204065322876
1000,0.0,homogeneous,learned,dr,linear,3,0.5269132273237415,0.3,0.22691322732374147,0.011569976806640625
1000,0.0,homogeneous,learned,tlearner,lgbm,3,0.35737448757046913,0.3,0.057374487570469146,0.7042827606201172
1000,0.0,homogeneous,raw,dr,lgbm,4,0.7082843660849453,0.3,0.4082843660849453,2.663058280944824
1000,0.0,homogeneous,raw,dr,linear,4,0.23727425570833802,0.3,0.06272574429166197,0.13591408729553223
1000,0.0,homogeneous,raw,tlearner,lgbm,4,0.2560830275868109,0.3,0.04391697241318909,0.793255090713501
1000,0.0,homogeneous,concept,dr,lgbm,4,0.3166248286475823,0.3,0.0166248286475823,2.138260841369629
1000,0.0,homogeneous,concept,dr,linear,4,0.2724200425280975,0.3,0.027579957471902505,0.012523174285888672
1000,0.0,homogeneous,concept,tlearner,lgbm,4,0.30467262518663923,0.3,0.004672625186639245,0.7003982067108154
1000,0.0,homogeneous,learned,dr,lgbm,4,0.32874072256200726,0.3,0.02874072256200727,2.0339550971984863
1000,0.0,homogeneous,learned,dr,linear,4,0.31038019876501466,0.3,0.01038019876501467,0.011199951171875
1000,0.0,homogeneous,learned,tlearner,lgbm,4,0.24807164944538157,0.3,0.05192835055461842,0.6479098796844482
1000,0.0,homogeneous,raw,dr,lgbm,5,0.7998190591369464,0.3,0.4998190591369464,2.6899960041046143
1000,0.0,homogeneous,raw,dr,linear,5,0.6394133716930287,0.3,0.3394133716930287,0.13248276710510254
1000,0.0,homogeneous,raw,tlearner,lgbm,5,0.2736351558403458,0.3,0.026364844159654177,0.7875649929046631
1000,0.0,homogeneous,concept,dr,lgbm,5,0.3066155051149432,0.3,0.006615505114943188,2.1846508979797363
1000,0.0,homogeneous,concept,dr,linear,5,0.30340106305345566,0.3,0.0034010630534556663,0.012382030487060547
1000,0.0,homogeneous,concept,tlearner,lgbm,5,0.2824092119856366,0.3,0.017590788014363368,0.7011339664459229
1000,0.0,homogeneous,learned,dr,lgbm,5,0.2834619924074304,0.3,0.01653800759256957,2.087692975997925
1000,0.0,homogeneous,learned,dr,linear,5,0.10868453889274654,0.3,0.19131546110725345,0.01115870475769043
1000,0.0,homogeneous,learned,tlearner,lgbm,5,0.2679815233215635,0.3,0.03201847667843649,0.6348800659179688
1000,0.0,homogeneous,raw,dr,lgbm,6,0.82390944832444,0.3,0.52390944832444,2.736649990081787
1000,0.0,homogeneous,raw,dr,linear,6,0.8789312017950472,0.3,0.5789312017950472,0.13303184509277344
1000,0.0,homogeneous,raw,tlearner,lgbm,6,0.3097136235195553,0.3,0.009713623519555292,0.7834789752960205
1000,0.0,homogeneous,concept,dr,lgbm,6,0.3789717811392118,0.3,0.07897178113921183,2.028043031692505
1000,0.0,homogeneous,concept,dr,linear,6,0.38410072306574417,0.3,0.08410072306574418,0.012048959732055664
1000,0.0,homogeneous,concept,tlearner,lgbm,6,0.36285476434333525,0.3,0.06285476434333526,0.6948719024658203
1000,0.0,homogeneous,learned,dr,lgbm,6,0.3763439875101612,0.3,0.0763439875101612,1.9246101379394531
1000,0.0,homogeneous,learned,dr,linear,6,0.36823793239576985,0.3,0.06823793239576986,0.011433839797973633
1000,0.0,homogeneous,learned,tlearner,lgbm,6,0.3441886117317033,0.3,0.0441886117317033,0.6445231437683105
1000,0.0,homogeneous,raw,dr,lgbm,7,0.6237008038046075,0.3,0.3237008038046075,2.5513432025909424
1000,0.0,homogeneous,raw,dr,linear,7,0.7319364492450958,0.3,0.43193644924509583,0.13258814811706543
1000,0.0,homogeneous,raw,tlearner,lgbm,7,0.24602546676485004,0.3,0.053974533235149946,0.7747628688812256
1000,0.0,homogeneous,concept,dr,lgbm,7,0.2787456396462189,0.3,0.021254360353781088,2.034614086151123
1000,0.0,homogeneous,concept,dr,linear,7,0.28006557412036537,0.3,0.01993442587963462,0.012578964233398438
1000,0.0,homogeneous,concept,tlearner,lgbm,7,0.2818110320023224,0.3,0.018188967997677608,0.7093002796173096
1000,0.0,homogeneous,learned,dr,lgbm,7,0.3302259573328323,0.3,0.030225957332832287,2.033017873764038
1000,0.0,homogeneous,learned,dr,linear,7,0.28313030111335163,0.3,0.016869698886648354,0.011698007583618164
1000,0.0,homogeneous,learned,tlearner,lgbm,7,0.26166528688277996,0.3,0.03833471311722003,0.6542389392852783
1000,0.0,homogeneous,raw,dr,lgbm,8,0.3491351435158483,0.3,0.0491351435158483,2.650430917739868
1000,0.0,homogeneous,raw,dr,linear,8,-0.30578203350313155,0.3,0.6057820335031315,0.13640999794006348
1000,0.0,homogeneous,raw,tlearner,lgbm,8,0.2119241878007826,0.3,0.0880758121992174,0.8147492408752441
1000,0.0,homogeneous,concept,dr,lgbm,8,0.30215947772950086,0.3,0.0021594777295008694,2.0204288959503174
1000,0.0,homogeneous,concept,dr,linear,8,0.2725274616067759,0.3,0.02747253839322411,0.012448787689208984
1000,0.0,homogeneous,concept,tlearner,lgbm,8,0.2630820300293425,0.3,0.036917969970657494,0.6865966320037842
1000,0.0,homogeneous,learned,dr,lgbm,8,0.2705151250166023,0.3,0.02948487498339769,1.874643087387085
1000,0.0,homogeneous,learned,dr,linear,8,0.2283001251383152,0.3,0.07169987486168478,0.012158870697021484
1000,0.0,homogeneous,learned,tlearner,lgbm,8,0.26689139663116623,0.3,0.033108603368833756,0.6856889724731445
1000,0.0,homogeneous,raw,dr,lgbm,9,0.8267713202338766,0.3,0.5267713202338766,2.7582757472991943
1000,0.0,homogeneous,raw,dr,linear,9,1.0493157942616105,0.3,0.7493157942616104,0.1342179775238037
1000,0.0,homogeneous,raw,tlearner,lgbm,9,0.23988494994248458,0.3,0.06011505005751541,0.8054409027099609
1000,0.0,homogeneous,concept,dr,lgbm,9,0.2822566436855556,0.3,0.017743356314444403,2.1681692600250244
1000,0.0,homogeneous,concept,dr,linear,9,0.28552068904511935,0.3,0.014479310954880642,0.012967824935913086
1000,0.0,homogeneous,concept,tlearner,lgbm,9,0.26194115732142426,0.3,0.03805884267857573,0.7172548770904541
1000,0.0,homogeneous,learned,dr,lgbm,9,0.280859527354631,0.3,0.019140472645369,1.9940669536590576
1000,0.0,homogeneous,learned,dr,linear,9,0.2905148883088683,0.3,0.009485111691131698,0.012093067169189453
1000,0.0,homogeneous,learned,tlearner,lgbm,9,0.31310447676159775,0.3,0.013104476761597761,0.6782429218292236
2000,0.0,homogeneous,raw,dr,lgbm,3,0.6068379752500158,0.3,0.3068379752500158,3.248595952987671
2000,0.0,homogeneous,raw,dr,linear,3,0.4831880830063431,0.3,0.1831880830063431,0.2674899101257324
2000,0.0,homogeneous,raw,tlearner,lgbm,3,0.3189971825599605,0.3,0.018997182559960524,0.9948551654815674
2000,0.0,homogeneous,concept,dr,lgbm,3,0.36746407878905346,0.3,0.06746407878905347,2.726318836212158
2000,0.0,homogeneous,concept,dr,linear,3,0.3500401581891025,0.3,0.05004015818910251,0.015022039413452148
2000,0.0,homogeneous,concept,tlearner,lgbm,3,0.3548668789795454,0.3,0.0548668789795454,0.8843891620635986
2000,0.0,homogeneous,learned,dr,lgbm,3,0.32600076333685635,0.3,0.02600076333685636,2.589243173599243
2000,0.0,homogeneous,learned,dr,linear,3,0.3477858043606214,0.3,0.04778580436062141,0.014935970306396484
2000,0.0,homogeneous,learned,tlearner,lgbm,3,0.34601327950762306,0.3,0.04601327950762307,0.8437812328338623
2000,0.0,homogeneous,raw,dr,lgbm,4,0.29098960764414067,0.3,0.00901039235585932,3.271308183670044
2000,0.0,homogeneous,raw,dr,linear,4,0.2255823717043328,0.3,0.0744176282956672,0.26617908477783203
2000,0.0,homogeneous,raw,tlearner,lgbm,4,0.25849317840899005,0.3,0.041506821591009935,1.0536580085754395
2000,0.0,homogeneous,concept,dr,lgbm,4,0.35614652238350636,0.3,0.05614652238350637,2.607093095779419
2000,0.0,homogeneous,concept,dr,linear,4,0.2975804424974568,0.3,0.0024195575025431904,0.016733884811401367
2000,0.0,homogeneous,concept,tlearner,lgbm,4,0.31019435167874254,0.3,0.010194351678742553,0.9664950370788574
2000,0.0,homogeneous,learned,dr,lgbm,4,0.27999232783155453,0.3,0.020007672168445456,2.5372400283813477
2000,0.0,homogeneous,learned,dr,linear,4,0.2883596755386434,0.3,0.0116403244613566,0.014840841293334961
2000,0.0,homogeneous,learned,tlearner,lgbm,4,0.28059472789347945,0.3,0.019405272106520544,0.8337969779968262
2000,0.0,homogeneous,raw,dr,lgbm,5,0.1569521356054333,0.3,0.14304786439456668,3.2831971645355225
2000,0.0,homogeneous,raw,dr,linear,5,0.11848400798059093,0.3,0.18151599201940904,0.27196717262268066
2000,0.0,homogeneous,raw,tlearner,lgbm,5,0.26828517695157494,0.3,0.031714823048425045,1.0462360382080078
2000,0.0,homogeneous,concept,dr,lgbm,5,0.30995069740199893,0.3,0.009950697401998942,2.775779962539673
2000,0.0,homogeneous,concept,dr,linear,5,0.3011891469249311,0.3,0.001189146924931106,0.015038013458251953
2000,0.0,homogeneous,concept,tlearner,lgbm,5,0.29910180818089066,0.3,0.0008981918191093285,0.8276889324188232
2000,0.0,homogeneous,learned,dr,lgbm,5,0.30728021384465565,0.3,0.007280213844655659,2.548582077026367
2000,0.0,homogeneous,learned,dr,linear,5,0.2992333856112874,0.3,0.0007666143887126164,0.01466989517211914
2000,0.0,homogeneous,learned,tlearner,lgbm,5,0.3055209553858394,0.3,0.00552095538583941,0.8285932540893555
2000,0.0,homogeneous,raw,dr,lgbm,6,0.41828481239799775,0.3,0.11828481239799776,3.319983720779419
2000,0.0,homogeneous,raw,dr,linear,6,0.2461569999804035,0.3,0.05384300001959649,0.27665019035339355
2000,0.0,homogeneous,raw,tlearner,lgbm,6,0.2691129130689921,0.3,0.03088708693100789,1.0714747905731201
2000,0.0,homogeneous,concept,dr,lgbm,6,0.3421901116856617,0.3,0.042190111685661724,2.8505496978759766
2000,0.0,homogeneous,concept,dr,linear,6,0.3182503568883281,0.3,0.0182503568883281,0.015526294708251953
2000,0.0,homogeneous,concept,tlearner,lgbm,6,0.32278269380495284,0.3,0.022782693804952847,0.8796257972717285
2000,0.0,homogeneous,learned,dr,lgbm,6,0.2822971636203421,0.3,0.017702836379657916,2.4533400535583496
2000,0.0,homogeneous,learned,dr,linear,6,0.2849273143998362,0.3,0.015072685600163782,0.014868021011352539
2000,0.0,homogeneous,learned,tlearner,lgbm,6,0.28801141491099613,0.3,0.011988585089003856,0.8333549499511719
2000,0.0,homogeneous,raw,dr,lgbm,7,0.11766078887928501,0.3,0.182339211120715,3.296510934829712
2000,0.0,homogeneous,raw,dr,linear,7,0.1441705926218394,0.3,0.1558294073781606,0.27169299125671387
2000,0.0,homogeneous,raw,tlearner,lgbm,7,0.25494934816507553,0.3,0.04505065183492446,1.049638032913208
2000,0.0,homogeneous,concept,dr,lgbm,7,0.2920047471417207,0.3,0.00799525285827929,2.642106771469116
2000,0.0,homogeneous,concept,dr,linear,7,0.29721333015951573,0.3,0.002786669840484257,0.015078067779541016
2000,0.0,homogeneous,concept,tlearner,lgbm,7,0.2981946750344515,0.3,0.0018053249655484715,0.8537111282348633
2000,0.0,homogeneous,learned,dr,lgbm,7,0.2779875331730653,0.3,0.022012466826934696,2.636214017868042
2000,0.0,homogeneous,learned,dr,linear,7,0.3686086418729598,0.3,0.06860864187295979,0.014438867568969727
2000,0.0,homogeneous,learned,tlearner,lgbm,7,0.2670582223620929,0.3,0.032941777637907066,0.879457950592041
2000,0.0,homogeneous,raw,dr,lgbm,8,0.30998027748367535,0.3,0.00998027748367536,3.2291557788848877
2000,0.0,homogeneous,raw,dr,linear,8,0.007650309701588539,0.3,0.29234969029841146,0.27121806144714355
2000,0.0,homogeneous,raw,tlearner,lgbm,8,0.2381511974074935,0.3,0.0618488025925065,1.0564289093017578
2000,0.0,homogeneous,concept,dr,lgbm,8,0.3185172125733941,0.3,0.018517212573394115,2.6304757595062256
2000,0.0,homogeneous,concept,dr,linear,8,0.3096373494441252,0.3,0.009637349444125198,0.015084028244018555
2000,0.0,homogeneous,concept,tlearner,lgbm,8,0.30744583257637864,0.3,0.007445832576378653,0.8608908653259277
2000,0.0,homogeneous,learned,dr,lgbm,8,0.29226365531107495,0.3,0.007736344688925034,2.454754114151001
2000,0.0,homogeneous,learned,dr,linear,8,0.30109762974870447,0.3,0.0010976297487044762,0.014522075653076172
2000,0.0,homogeneous,learned,tlearner,lgbm,8,0.29893732840907294,0.3,0.0010626715909270446,0.8282382488250732
2000,0.0,homogeneous,raw,dr,lgbm,9,0.005959261932800386,0.3,0.2940407380671996,3.310173273086548
2000,0.0,homogeneous,raw,dr,linear,9,0.03083631137828554,0.3,0.26916368862171447,0.26856184005737305
2000,0.0,homogeneous,raw,tlearner,lgbm,9,0.23576680806145714,0.3,0.06423319193854285,1.088912010192871
2000,0.0,homogeneous,concept,dr,lgbm,9,0.2939755135278505,0.3,0.006024486472149482,2.7191808223724365
2000,0.0,homogeneous,concept,dr,linear,9,0.29410314482512506,0.3,0.0058968551748749265,0.01503610610961914
2000,0.0,homogeneous,concept,tlearner,lgbm,9,0.28765859489439377,0.3,0.012341405105606218,0.9176449775695801
2000,0.0,homogeneous,learned,dr,lgbm,9,0.2931823172403966,0.3,0.006817682759603372,2.634889841079712
2000,0.0,homogeneous,learned,dr,linear,9,0.3028822766528431,0.3,0.00288227665284313,0.014357805252075195
2000,0.0,homogeneous,learned,tlearner,lgbm,9,0.2710245412737105,0.3,0.028975458726289482,0.8507850170135498
5000,0.0,homogeneous,raw,dr,lgbm,0,0.2846126074603132,0.3,0.015387392539686795,4.006134986877441
5000,0.0,homogeneous,raw,dr,linear,0,0.20924618173630868,0.3,0.0907538182636913,0.6179060935974121
5000,0.0,homogeneous,raw,tlearner,lgbm,0,0.261238250427025,0.3,0.03876174957297501,1.3154170513153076
5000,0.0,homogeneous,concept,dr,lgbm,0,0.3020390077960453,0.3,0.0020390077960453223,3.1893272399902344
5000,0.0,homogeneous,concept,dr,linear,0,0.30764292586067776,0.3,0.007642925860677774,0.02173018455505371
5000,0.0,homogeneous,concept,tlearner,lgbm,0,0.2997484950704196,0.3,0.00025150492958037063,1.1374311447143555
5000,0.0,homogeneous,learned,dr,lgbm,0,0.32691770987881535,0.3,0.026917709878815366,2.9883460998535156
5000,0.0,homogeneous,learned,dr,linear,0,0.3367311315651465,0.3,0.03673113156514651,0.021851778030395508
5000,0.0,homogeneous,learned,tlearner,lgbm,0,0.3281512909299829,0.3,0.02815129092998292,1.0229179859161377
5000,0.0,homogeneous,raw,dr,lgbm,1,0.26598524839193166,0.3,0.03401475160806833,4.110531806945801
5000,0.0,homogeneous,raw,dr,linear,1,0.17422400453783055,0.3,0.12577599546216944,0.633289098739624
5000,0.0,homogeneous,raw,tlearner,lgbm,1,0.26377464705859077,0.3,0.03622535294140922,1.3311767578125
5000,0.0,homogeneous,concept,dr,lgbm,1,0.30572806890763377,0.3,0.0057280689076337765,3.296243906021118
5000,0.0,homogeneous,concept,dr,linear,1,0.3081150848182087,0.3,0.008115084818208718,0.022217988967895508
5000,0.0,homogeneous,concept,tlearner,lgbm,1,0.30571972362988653,0.3,0.005719723629886542,1.1365220546722412
5000,0.0,homogeneous,learned,dr,lgbm,1,0.30343932233394016,0.3,0.0034393223339401757,3.1299169063568115
5000,0.0,homogeneous,learned,dr,linear,1,0.2978801377481062,0.3,0.0021198622518938115,0.02129817008972168
5000,0.0,homogeneous,learned,tlearner,lgbm,1,0.3032273665244623,0.3,0.003227366524462316,1.0871400833129883
5000,0.0,homogeneous,raw,dr,lgbm,2,0.2822315339754722,0.3,0.017768466024527807,4.152200937271118
5000,0.0,homogeneous,raw,dr,linear,2,0.2482130999845391,0.3,0.05178690001546088,0.6018779277801514
5000,0.0,homogeneous,raw,tlearner,lgbm,2,0.2694730634617793,0.3,0.030526936538220695,1.3446969985961914
5000,0.0,homogeneous,concept,dr,lgbm,2,0.31948209584173315,0.3,0.01948209584173316,3.2983360290527344
5000,0.0,homogeneous,concept,dr,linear,2,0.3125883744386679,0.3,0.012588374438667893,0.02162909507751465
5000,0.0,homogeneous,concept,tlearner,lgbm,2,0.309941929177731,0.3,0.009941929177731013,1.1348369121551514
5000,0.0,homogeneous,learned,dr,lgbm,2,0.30599416823597825,0.3,0.005994168235978259,3.011756181716919
5000,0.0,homogeneous,learned,dr,linear,2,0.3163408978139858,0.3,0.01634089781398579,0.021632909774780273
5000,0.0,homogeneous,learned,tlearner,lgbm,2,0.30597021594756896,0.3,0.005970215947568969,1.0409982204437256
5000,0.0,homogeneous,raw,dr,lgbm,3,0.3374378015772596,0.3,0.03743780157725962,4.009738922119141
5000,0.0,homogeneous,raw,dr,linear,3,0.263292549921575,0.3,0.036707450078424964,0.6284558773040771
5000,0.0,homogeneous,raw,tlearner,lgbm,3,0.28744936406769944,0.3,0.012550635932300547,1.2851099967956543
5000,0.0,homogeneous,concept,dr,lgbm,3,0.33172288854856846,0.3,0.03172288854856847,3.220738172531128
5000,0.0,homogeneous,concept,dr,linear,3,0.32911957702046274,0.3,0.02911957702046275,0.021865129470825195
5000,0.0,homogeneous,concept,tlearner,lgbm,3,0.3237191228535731,0.3,0.023719122853573138,1.12689208984375
5000,0.0,homogeneous,learned,dr,lgbm,3,0.32126477690011324,0.3,0.021264776900113247,3.1202139854431152
5000,0.0,homogeneous,learned,dr,linear,3,0.31472953738874,0.3,0.01472953738874,0.02115797996520996
5000,0.0,homogeneous,learned,tlearner,lgbm,3,0.3141624122607507,0.3,0.014162412260750712,1.05063796043396
5000,0.0,homogeneous,raw,dr,lgbm,4,0.13696285941626002,0.3,0.16303714058373997,4.039441823959351
5000,0.0,homogeneous,raw,dr,linear,4,0.0010919141948516002,0.3,0.2989080858051484,0.6215131282806396
5000,0.0,homogeneous,raw,tlearner,lgbm,4,0.2629951595055701,0.3,0.03700484049442987,1.2873473167419434
5000,0.0,homogeneous,concept,dr,lgbm,4,0.31398816497122967,0.3,0.013988164971229677,3.347099781036377
5000,0.0,homogeneous,concept,dr,linear,4,0.3106664388272581,0.3,0.010666438827258096,0.022656917572021484
5000,0.0,homogeneous,concept,tlearner,lgbm,4,0.30481430827275324,0.3,0.004814308272753254,1.1864821910858154
5000,0.0,homogeneous,learned,dr,lgbm,4,0.34185780655270864,0.3,0.041857806552708654,2.990633964538574
5000,0.0,homogeneous,learned,dr,linear,4,0.3567413381693033,0.3,0.056741338169303324,0.02174687385559082
5000,0.0,homogeneous,learned,tlearner,lgbm,4,0.3157398042088388,0.3,0.015739804208838803,1.0350568294525146
5000,0.0,homogeneous,raw,dr,lgbm,5,0.33264210453539367,0.3,0.03264210453539368,4.018799066543579
5000,0.0,homogeneous,raw,dr,linear,5,0.22798030993044144,0.3,0.07201969006955855,0.6272790431976318
5000,0.0,homogeneous,raw,tlearner,lgbm,5,0.2426855002955851,0.3,0.05731449970441488,1.3488960266113281
5000,0.0,homogeneous,concept,dr,lgbm,5,0.2911367393732387,0.3,0.008863260626761293,3.384752035140991
5000,0.0,homogeneous,concept,dr,linear,5,0.28870147592203194,0.3,0.011298524077968053,0.021638870239257812
5000,0.0,homogeneous,concept,tlearner,lgbm,5,0.2857855226178418,0.3,0.014214477382158197,1.1888351440429688
5000,0.0,homogeneous,learned,dr,lgbm,5,0.27151753482278324,0.3,0.028482465177216754,3.0085580348968506
5000,0.0,homogeneous,learned,dr,linear,5,0.2659088832250087,0.3,0.03409111677499127,0.020676136016845703
5000,0.0,homogeneous,learned,tlearner,lgbm,5,0.2736637210858929,0.3,0.026336278914107114,1.0160608291625977
5000,0.0,homogeneous,raw,dr,lgbm,6,0.3298487779793069,0.3,0.029848777979306906,4.119431018829346
5000,0.0,homogeneous,raw,dr,linear,6,0.3675678083368778,0.3,0.06756780833687781,0.6180789470672607
5000,0.0,homogeneous,raw,tlearner,lgbm,6,0.2666421847510895,0.3,0.033357815248910516,1.3179099559783936
5000,0.0,homogeneous,concept,dr,lgbm,6,0.31822634083013984,0.3,0.018226340830139853,3.27610182762146
5000,0.0,homogeneous,concept,dr,linear,6,0.30922384350614424,0.3,0.009223843506144247,0.021852970123291016
5000,0.0,homogeneous,concept,tlearner,lgbm,6,0.3092320035984673,0.3,0.00923200359846732,1.1710231304168701
5000,0.0,homogeneous,learned,dr,lgbm,6,0.3112299429776317,0.3,0.01122994297763169,2.9038610458374023
5000,0.0,homogeneous,learned,dr,linear,6,0.3134256631078204,0.3,0.013425663107820396,0.020517826080322266
5000,0.0,homogeneous,learned,tlearner,lgbm,6,0.31159360716559015,0.3,0.011593607165590158,1.0114529132843018
5000,0.0,homogeneous,raw,dr,lgbm,7,0.2692066948526022,0.3,0.03079330514739781,4.005335807800293
5000,0.0,homogeneous,raw,dr,linear,7,0.1292359345243603,0.3,0.1707640654756397,0.6197109222412109
5000,0.0,homogeneous,raw,tlearner,lgbm,7,0.2410673995900751,0.3,0.0589326004099249,1.3034539222717285
5000,0.0,homogeneous,concept,dr,lgbm,7,0.3039408369041573,0.3,0.003940836904157308,3.303165912628174
5000,0.0,homogeneous,concept,dr,linear,7,0.2980904398443221,0.3,0.0019095601556778918,0.022253036499023438
5000,0.0,homogeneous,concept,tlearner,lgbm,7,0.30002771209911755,0.3,2.7712099117560562e-05,1.1731879711151123
5000,0.0,homogeneous,learned,dr,lgbm,7,0.28183442973575684,0.3,0.018165570264243147,3.0614140033721924
5000,0.0,homogeneous,learned,dr,linear,7,0.28274180258883747,0.3,0.017258197411162524,0.020296096801757812
5000,0.0,homogeneous,learned,tlearner,lgbm,7,0.2774562638398587,0.3,0.02254373616014127,1.0857908725738525
5000,0.0,homogeneous,raw,dr,lgbm,8,0.26261796182112584,0.3,0.037382038178874144,4.030153274536133
5000,0.0,homogeneous,raw,dr,linear,8,0.1324691070046856,0.3,0.1675308929953144,0.6268579959869385
5000,0.0,homogeneous,raw,tlearner,lgbm,8,0.24687195965622932,0.3,0.053128040343770666,1.2995188236236572
5000,0.0,homogeneous,concept,dr,lgbm,8,0.3165278879580441,0.3,0.016527887958044107,3.171079158782959
5000,0.0,homogeneous,concept,dr,linear,8,0.3026271226233597,0.3,0.0026271226233597345,0.022103071212768555
5000,0.0,homogeneous,concept,tlearner,lgbm,8,0.30251025808972243,0.3,0.002510258089722439,1.1437609195709229
5000,0.0,homogeneous,learned,dr,lgbm,8,0.29270070827119843,0.3,0.00729929172880156,3.030701160430908
5000,0.0,homogeneous,learned,dr,linear,8,0.28633026416912744,0.3,0.013669735830872554,0.02048492431640625
5000,0.0,homogeneous,learned,tlearner,lgbm,8,0.2831774089344192,0.3,0.016822591065580816,1.0910000801086426
5000,0.0,homogeneous,raw,dr,lgbm,9,0.12630363542724182,0.3,0.17369636457275817,4.074621915817261
5000,0.0,homogeneous,raw,dr,linear,9,0.10852075487948097,0.3,0.191479245120519,0.629727840423584
5000,0.0,homogeneous,raw,tlearner,lgbm,9,0.25325023657066453,0.3,0.046749763429335456,1.3059618473052979
5000,0.0,homogeneous,concept,dr,lgbm,9,0.3289059568753644,0.3,0.028905956875364403,3.3386828899383545
5000,0.0,homogeneous,concept,dr,linear,9,0.31197895702349077,0.3,0.011978957023490777,0.022291898727416992
5000,0.0,homogeneous,concept,tlearner,lgbm,9,0.30787463589872494,0.3,0.007874635898724947,1.2017858028411865
5000,0.0,homogeneous,learned,dr,lgbm,9,0.27559070665246654,0.3,0.024409293347533445,2.8973309993743896
5000,0.0,homogeneous,learned,dr,linear,9,0.2845219985816464,0.3,0.015478001418353593,0.021796226501464844
5000,0.0,homogeneous,learned,tlearner,lgbm,9,0.27934013830158494,0.3,0.02065986169841505,0.9937427043914795
10000,0.0,homogeneous,raw,dr,lgbm,0,0.2810364573123923,0.3,0.018963542687607693,5.233449935913086
10000,0.0,homogeneous,raw,dr,linear,0,0.2752430609086009,0.3,0.02475693909139909,1.1681180000305176
10000,0.0,homogeneous,raw,tlearner,lgbm,0,0.26302281406892164,0.3,0.03697718593107835,1.5131199359893799
10000,0.0,homogeneous,concept,dr,lgbm,0,0.30115900201451645,0.3,0.0011590020145164637,3.7034051418304443
10000,0.0,homogeneous,concept,dr,linear,0,0.30264438472712246,0.3,0.002644384727122473,0.031640052795410156
10000,0.0,homogeneous,concept,tlearner,lgbm,0,0.29879691703284605,0.3,0.0012030829671539345,1.3557069301605225
10000,0.0,homogeneous,learned,dr,lgbm,0,0.30360508003536,0.3,0.003605080035360031,3.376903772354126
10000,0.0,homogeneous,learned,dr,linear,0,0.30171805003578656,0.3,0.001718050035786567,0.033272743225097656
10000,0.0,homogeneous,learned,tlearner,lgbm,0,0.3005200987284829,0.3,0.0005200987284829095,1.1920220851898193
10000,0.0,homogeneous,raw,dr,lgbm,1,0.2907136936737217,0.3,0.009286306326278304,5.298266172409058
10000,0.0,homogeneous,raw,dr,linear,1,0.26756828408743843,0.3,0.032431715912561554,1.327301263809204
10000,0.0,homogeneous,raw,tlearner,lgbm,1,0.2576543334321538,0.3,0.04234566656784616,1.5520119667053223
10000,0.0,homogeneous,concept,dr,lgbm,1,0.3013191392191724,0.3,0.0013191392191724272,3.801826000213623
10000,0.0,homogeneous,concept,dr,linear,1,0.3015051913394279,0.3,0.0015051913394278915,0.03399515151977539
10000,0.0,homogeneous,concept,tlearner,lgbm,1,0.3009204175207578,0.3,0.0009204175207578325,1.3932268619537354
10000,0.0,homogeneous,learned,dr,lgbm,1,0.29524061228921084,0.3,0.004759387710789154,3.292825698852539
10000,0.0,homogeneous,learned,dr,linear,1,0.29363289257089914,0.3,0.006367107429100849,0.03205704689025879
10000,0.0,homogeneous,learned,tlearner,lgbm,1,0.2968691168865765,0.3,0.003130883113423466,1.2194371223449707
10000,0.0,homogeneous,raw,dr,lgbm,2,0.2687225877220621,0.3,0.0312774122779379,5.302496671676636
10000,0.0,homogeneous,raw,dr,linear,2,0.2626999039601095,0.3,0.037300096039890485,1.2282540798187256
10000,0.0,homogeneous,raw,tlearner,lgbm,2,0.28013333235059446,0.3,0.019866667649405534,2.4133830070495605
10000,0.0,homogeneous,concept,dr,lgbm,2,0.32038547914956167,0.3,0.02038547914956168,6.372942924499512
10000,0.0,homogeneous,concept,dr,linear,2,0.3188016072869011,0.3,0.018801607286901112,0.04021573066711426
10000,0.0,homogeneous,concept,tlearner,lgbm,2,0.31512119501685787,0.3,0.01512119501685788,2.2413229942321777
10000,0.0,homogeneous,learned,dr,lgbm,2,0.3320657395990891,0.3,0.032065739599089094,5.761929988861084
10000,0.0,homogeneous,learned,dr,linear,2,0.3390762737942686,0.3,0.03907627379426859,0.04073309898376465
10000,0.0,homogeneous,learned,tlearner,lgbm,2,0.3272485246702702,0.3,0.027248524670270224,2.085076093673706
10000,0.0,homogeneous,raw,dr,lgbm,3,0.31321247136780733,0.3,0.013212471367807344,7.680210828781128
10000,0.0,homogeneous,raw,dr,linear,3,0.31156934219132676,0.3,0.01156934219132677,1.2141759395599365
10000,0.0,homogeneous,raw,tlearner,lgbm,3,0.28438196173381236,0.3,0.015618038266187628,2.4964208602905273
10000,0.0,homogeneous,concept,dr,lgbm,3,0.31860269271848524,0.3,0.018602692718485248,6.159174203872681
10000,0.0,homogeneous,concept,dr,linear,3,0.3184607903475704,0.3,0.01846079034757042,0.04323577880859375
10000,0.0,homogeneous,concept,tlearner,lgbm,3,0.32003223537531833,0.3,0.02003223537531834,2.2198872566223145
10000,0.0,homogeneous,learned,dr,lgbm,3,0.3210024378943377,0.3,0.0210024378943377,5.750878095626831
10000,0.0,homogeneous,learned,dr,linear,3,0.32320090998736745,0.3,0.023200909987367457,0.03982400894165039
10000,0.0,homogeneous,learned,tlearner,lgbm,3,0.3243928393077431,0.3,0.02439283930774311,2.085667133331299
10000,0.0,homogeneous,raw,dr,lgbm,4,0.28625910531377846,0.3,0.013740894686221528,8.010993957519531
10000,0.0,homogeneous,raw,dr,linear,4,0.29008763378198277,0.3,0.009912366218017221,1.3647048473358154
10000,0.0,homogeneous,raw,tlearner,lgbm,4,0.27132278160879625,0.3,0.02867721839120374,2.5225419998168945
10000,0.0,homogeneous,concept,dr,lgbm,4,0.3106114120615007,0.3,0.010611412061500736,6.162228107452393
10000,0.0,homogeneous,concept,dr,linear,4,0.31053839439154013,0.3,0.01053839439154014,0.039627790451049805
10000,0.0,homogeneous,concept,tlearner,lgbm,4,0.30687994032508037,0.3,0.00687994032508038,2.2913930416107178
10000,0.0,homogeneous,learned,dr,lgbm,4,0.3099333761253927,0.3,0.00993337612539269,5.4775941371917725
10000,0.0,homogeneous,learned,dr,linear,4,0.31399142862021157,0.3,0.013991428620211577,0.04083514213562012
10000,0.0,homogeneous,learned,tlearner,lgbm,4,0.3117870319709701,0.3,0.011787031970970085,2.020362138748169
10000,0.0,homogeneous,raw,dr,lgbm,5,0.28968879719993634,0.3,0.010311202800063646,7.994112968444824
10000,0.0,homogeneous,raw,dr,linear,5,0.27546566497569774,0.3,0.024534335024302245,1.3137879371643066
10000,0.0,homogeneous,raw,tlearner,lgbm,5,0.2435765940112341,0.3,0.056423405988765885,2.6275877952575684
10000,0.0,homogeneous,concept,dr,lgbm,5,0.3023547341135018,0.3,0.0023547341135017885,6.4704790115356445
10000,0.0,homogeneous,concept,dr,linear,5,0.29727710094946164,0.3,0.002722899050538352,0.04447197914123535
10000,0.0,homogeneous,concept,tlearner,lgbm,5,0.2944872530944891,0.3,0.005512746905510901,2.1692757606506348
10000,0.0,homogeneous,learned,dr,lgbm,5,0.270751555580652,0.3,0.029248444419347985,5.770838975906372
10000,0.0,homogeneous,learned,dr,linear,5,0.2646103019169998,0.3,0.03538969808300019,0.04080677032470703
10000,0.0,homogeneous,learned,tlearner,lgbm,5,0.27285343651955746,0.3,0.02714656348044253,1.9508049488067627
10000,0.0,homogeneous,raw,dr,lgbm,6,0.2671783462132837,0.3,0.03282165378671631,8.03410029411316
10000,0.0,homogeneous,raw,dr,linear,6,0.26898970708601727,0.3,0.031010292913982718,1.281468152999878
10000,0.0,homogeneous,raw,tlearner,lgbm,6,0.258343838613308,0.3,0.04165616138669198,2.42171311378479
10000,0.0,homogeneous,concept,dr,lgbm,6,0.3159662431569908,0.3,0.0159662431569908,6.056903839111328
10000,0.0,homogeneous,concept,dr,linear,6,0.308876065045905,0.3,0.00887606504590499,0.03939104080200195
10000,0.0,homogeneous,concept,tlearner,lgbm,6,0.30848013793680573,0.3,0.008480137936805743,2.367798089981079
10000,0.0,homogeneous,learned,dr,lgbm,6,0.29548267831045294,0.3,0.004517321689547049,5.582963943481445
10000,0.0,homogeneous,learned,dr,linear,6,0.29893412238334116,0.3,0.001065877616658828,0.0401301383972168
10000,0.0,homogeneous,learned,tlearner,lgbm,6,0.2996730035255821,0.3,0.00032699647441786217,1.9518768787384033
10000,0.0,homogeneous,raw,dr,lgbm,7,0.27442758618845087,0.3,0.025572413811549122,7.783067941665649
10000,0.0,homogeneous,raw,dr,linear,7,0.24004288211368352,0.3,0.05995711788631647,1.295644760131836
10000,0.0,homogeneous,raw,tlearner,lgbm,7,0.26126362174509365,0.3,0.038736378254906334,2.4657938480377197
10000,0.0,homogeneous,concept,dr,lgbm,7,0.3142482638470706,0.3,0.014248263847070619,6.056046962738037
10000,0.0,homogeneous,concept,dr,linear,7,0.3096056615139574,0.3,0.00960566151395742,0.047527313232421875
10000,0.0,homogeneous,concept,tlearner,lgbm,7,0.3081498300410398,0.3,0.008149830041039807,2.3489389419555664
10000,0.0,homogeneous,learned,dr,lgbm,7,0.29035251442829296,0.3,0.009647485571707026,5.743510007858276
10000,0.0,homogeneous,learned,dr,linear,7,0.2911300823526813,0.3,0.008869917647318704,0.042401790618896484
10000,0.0,homogeneous,learned,tlearner,lgbm,7,0.2944007512885485,0.3,0.00559924871145151,1.9650077819824219
10000,0.0,homogeneous,raw,dr,lgbm,8,0.27555360454861866,0.3,0.02444639545138133,7.746940851211548
10000,0.0,homogeneous,raw,dr,linear,8,0.2527345206908091,0.3,0.047265479309190894,1.2881221771240234
10000,0.0,homogeneous,raw,tlearner,lgbm,8,0.2540266690010325,0.3,0.0459733309989675,2.4770901203155518
10000,0.0,homogeneous,concept,dr,lgbm,8,0.3084703320439025,0.3,0.008470332043902518,6.2939088344573975
10000,0.0,homogeneous,concept,dr,linear,8,0.30366287247220813,0.3,0.003662872472208145,0.039483070373535156
10000,0.0,homogeneous,concept,tlearner,lgbm,8,0.3025460338267976,0.3,0.0025460338267976335,2.157804012298584
10000,0.0,homogeneous,learned,dr,lgbm,8,0.2961534621598847,0.3,0.003846537840115294,5.894707918167114
10000,0.0,homogeneous,learned,dr,linear,8,0.30097196368036844,0.3,0.0009719636803684484,0.04071998596191406
10000,0.0,homogeneous,learned,tlearner,lgbm,8,0.2976958116525118,0.3,0.0023041883474881897,2.0538389682769775
10000,0.0,homogeneous,raw,dr,lgbm,9,0.28200969492456895,0.3,0.017990305075431035,8.238340854644775
10000,0.0,homogeneous,raw,dr,linear,9,0.28149461896881756,0.3,0.018505381031182433,1.3296749591827393
10000,0.0,homogeneous,raw,tlearner,lgbm,9,0.266958006796093,0.3,0.033041993203906994,2.6126022338867188
10000,0.0,homogeneous,concept,dr,lgbm,9,0.31894042174930837,0.3,0.018940421749308378,6.286875247955322
10000,0.0,homogeneous,concept,dr,linear,9,0.3144292641472269,0.3,0.014429264147226895,0.03973126411437988
10000,0.0,homogeneous,concept,tlearner,lgbm,9,0.31332650827406205,0.3,0.013326508274062066,2.1174960136413574
10000,0.0,homogeneous,learned,dr,lgbm,9,0.30121070441703796,0.3,0.0012107044170379666,5.810608863830566
10000,0.0,homogeneous,learned,dr,linear,9,0.3015365685618788,0.3,0.0015365685618788372,0.04110217094421387
10000,0.0,homogeneous,learned,tlearner,lgbm,9,0.30184251782971133,0.3,0.0018425178297113431,2.0662708282470703
20000,0.0,homogeneous,raw,dr,lgbm,0,0.26114520033353844,0.3,0.03885479966646155,9.813603162765503
20000,0.0,homogeneous,raw,dr,linear,0,0.2699014103209652,0.3,0.030098589679034782,2.375060796737671
20000,0.0,homogeneous,raw,tlearner,lgbm,0,0.2627555139819899,0.3,0.037244486018010114,2.7825570106506348
20000,0.0,homogeneous,concept,dr,lgbm,0,0.3052545033548821,0.3,0.00525450335488209,6.7759177684783936
20000,0.0,homogeneous,concept,dr,linear,0,0.3052799302188794,0.3,0.005279930218879403,0.06655097007751465
20000,0.0,homogeneous,concept,tlearner,lgbm,0,0.30289173927087915,0.3,0.0028917392708791567,2.6070196628570557
20000,0.0,homogeneous,learned,dr,lgbm,0,0.295865244385002,0.3,0.004134755614997987,6.500710725784302
20000,0.0,homogeneous,learned,dr,linear,0,0.3002234733265673,0.3,0.0002234733265673028,0.06866192817687988
20000,0.0,homogeneous,learned,tlearner,lgbm,0,0.2953459140272513,0.3,0.004654085972748689,2.2605371475219727
20000,0.0,homogeneous,raw,dr,lgbm,1,0.27057597995425997,0.3,0.029424020045740018,9.897516012191772
20000,0.0,homogeneous,raw,dr,linear,1,0.28675701805714215,0.3,0.013242981942857834,2.633735179901123
20000,0.0,homogeneous,raw,tlearner,lgbm,1,0.2625522236847211,0.3,0.0374477763152789,2.5768866539001465
20000,0.0,homogeneous,concept,dr,lgbm,1,0.30591814735236617,0.3,0.0059181473523661765,6.940212965011597
20000,0.0,homogeneous,concept,dr,linear,1,0.30521051723045395,0.3,0.005210517230453959,0.06592297554016113
20000,0.0,homogeneous,concept,tlearner,lgbm,1,0.3039660041191078,0.3,0.003966004119107802,2.701312780380249
20000,0.0,homogeneous,learned,dr,lgbm,1,0.2982191258497766,0.3,0.0017808741502233771,6.1760759353637695
20000,0.0,homogeneous,learned,dr,linear,1,0.3031970908981136,0.3,0.003197090898113597,0.07057523727416992
20000,0.0,homogeneous,learned,tlearner,lgbm,1,0.29977199306324853,0.3,0.000228006936751457,1.9388549327850342
20000,0.0,homogeneous,raw,dr,lgbm,2,0.2636436263653896,0.3,0.03635637363461036,9.991987943649292
20000,0.0,homogeneous,raw,dr,linear,2,0.2664417819208162,0.3,0.0335582180791838,2.5919389724731445
20000,0.0,homogeneous,raw,tlearner,lgbm,2,0.2676633526906477,0.3,0.03233664730935226,2.796337127685547
20000,0.0,homogeneous,concept,dr,lgbm,2,0.3112111906307584,0.3,0.011211190630758427,6.864815711975098
20000,0.0,homogeneous,concept,dr,linear,2,0.3125034353310165,0.3,0.0125034353310165,0.06654787063598633
20000,0.0,homogeneous,concept,tlearner,lgbm,2,0.3098311411902964,0.3,0.009831141190296433,2.624476909637451
20000,0.0,homogeneous,learned,dr,lgbm,2,0.30708474515915174,0.3,0.007084745159151751,6.213091135025024
20000,0.0,homogeneous,learned,dr,linear,2,0.3111954577530257,0.3,0.011195457753025717,0.0698540210723877
20000,0.0,homogeneous,learned,tlearner,lgbm,2,0.30723946851416306,0.3,0.007239468514163072,2.2398171424865723
20000,0.0,homogeneous,raw,dr,lgbm,3,0.2947440558779395,0.3,0.005255944122060485,10.064908027648926
20000,0.0,homogeneous,raw,dr,linear,3,0.2879812883274316,0.3,0.012018711672568405,2.458298921585083
20000,0.0,homogeneous,raw,tlearner,lgbm,3,0.263271386027634,0.3,0.03672861397236599,2.7496330738067627
20000,0.0,homogeneous,concept,dr,lgbm,3,0.30784414352310313,0.3,0.007844143523103142,6.7122228145599365
20000,0.0,homogeneous,concept,dr,linear,3,0.3080329788802902,0.3,0.008032978880290198,0.06680703163146973
20000,0.0,homogeneous,concept,tlearner,lgbm,3,0.30521164304606535,0.3,0.005211643046065362,2.5484108924865723
20000,0.0,homogeneous,learned,dr,lgbm,3,0.3006080979851824,0.3,0.0006080979851824098,6.350309133529663
20000,0.0,homogeneous,learned,dr,linear,3,0.3054827426979972,0.3,0.0054827426979972005,0.07013201713562012
20000,0.0,homogeneous,learned,tlearner,lgbm,3,0.2996359080650005,0.3,0.00036409193499947756,2.2051188945770264
20000,0.0,homogeneous,raw,dr,lgbm,4,0.25223866917723625,0.3,0.04776133082276374,9.538569927215576
20000,0.0,homogeneous,raw,dr,linear,4,0.2491081725673915,0.3,0.05089182743260848,2.4136850833892822
20000,0.0,homogeneous,raw,tlearner,lgbm,4,0.2563461142646197,0.3,0.043653885735380316,2.7382400035858154
20000,0.0,homogeneous,concept,dr,lgbm,4,0.30282186206045286,0.3,0.0028218620604528732,6.423197984695435
20000,0.0,homogeneous,concept,dr,linear,4,0.3033106854903648,0.3,0.003310685490364784,0.06835508346557617
20000,0.0,homogeneous,concept,tlearner,lgbm,4,0.2997779226562412,0.3,0.0002220773437587864,2.590686082839966
20000,0.0,homogeneous,learned,dr,lgbm,4,0.2988494683495544,0.3,0.0011505316504455965,6.5524001121521
20000,0.0,homogeneous,learned,dr,linear,4,0.3043559270219086,0.3,0.004355927021908623,0.07747721672058105
20000,0.0,homogeneous,learned,tlearner,lgbm,4,0.2996579256981755,0.3,0.00034207430182447984,2.2262721061706543
20000,0.0,homogeneous,raw,dr,lgbm,5,0.25948999047705223,0.3,0.040510009522947754,9.840235948562622
20000,0.0,homogeneous,raw,dr,linear,5,0.260009663768405,0.3,0.03999033623159498,2.519299030303955
20000,0.0,homogeneous,raw,tlearner,lgbm,5,0.25603083056535,0.3,0.04396916943465001,2.7697999477386475
20000,0.0,homogeneous,concept,dr,lgbm,5,0.30777217516371724,0.3,0.007772175163717254,6.540896892547607
20000,0.0,homogeneous,concept,dr,linear,5,0.3059598460028536,0.3,0.005959846002853597,0.06690406799316406
20000,0.0,homogeneous,concept,tlearner,lgbm,5,0.30525355498446133,0.3,0.005253554984461339,2.524509906768799
20000,0.0,homogeneous,learned,dr,lgbm,5,0.29875217557309103,0.3,0.0012478244269089611,6.380038738250732
20000,0.0,homogeneous,learned,dr,linear,5,0.29919928103706905,0.3,0.0008007189629309353,0.07045698165893555
20000,0.0,homogeneous,learned,tlearner,lgbm,5,0.29771159766031424,0.3,0.0022884023396857467,2.2197728157043457
20000,0.0,homogeneous,raw,dr,lgbm,6,0.2557774325667453,0.3,0.0442225674332547,9.671607732772827
20000,0.0,homogeneous,raw,dr,linear,6,0.26587656598184534,0.3,0.03412343401815465,2.386666774749756
20000,0.0,homogeneous,raw,tlearner,lgbm,6,0.2610030508760295,0.3,0.038996949123970504,2.4627771377563477
20000,0.0,homogeneous,concept,dr,lgbm,6,0.30778467624670536,0.3,0.007784676246705369,6.21042799949646
20000,0.0,homogeneous,concept,dr,linear,6,0.3078605785311569,0.3,0.007860578531156903,0.07833027839660645
20000,0.0,homogeneous,concept,tlearner,lgbm,6,0.30510707895057737,0.3,0.005107078950577382,2.4278740882873535
20000,0.0,homogeneous,learned,dr,lgbm,6,0.3001780742541484,0.3,0.00017807425414839706,6.668958902359009
20000,0.0,homogeneous,learned,dr,linear,6,0.3050351455689809,0.3,0.005035145568980937,0.07462286949157715
20000,0.0,homogeneous,learned,tlearner,lgbm,6,0.30101793602494653,0.3,0.001017936024946542,2.3965749740600586
20000,0.0,homogeneous,raw,dr,lgbm,7,0.24549042157056195,0.3,0.054509578429438044,9.597073078155518
20000,0.0,homogeneous,raw,dr,linear,7,0.24885350661194028,0.3,0.05114649338805971,2.5422232151031494
20000,0.0,homogeneous,raw,tlearner,lgbm,7,0.26021171267471344,0.3,0.03978828732528655,2.869379997253418
20000,0.0,homogeneous,concept,dr,lgbm,7,0.30612328004989986,0.3,0.006123280049899871,6.403069972991943
20000,0.0,homogeneous,concept,dr,linear,7,0.30670229758606976,0.3,0.006702297586069772,0.06795287132263184
20000,0.0,homogeneous,concept,tlearner,lgbm,7,0.3033386836508351,0.3,0.003338683650835117,2.286043167114258
20000,0.0,homogeneous,learned,dr,lgbm,7,0.29856297113149455,0.3,0.001437028868505441,5.549209833145142
20000,0.0,homogeneous,learned,dr,linear,7,0.30372931684093446,0.3,0.0037293168409344712,0.07033300399780273
20000,0.0,homogeneous,learned,tlearner,lgbm,7,0.29973054333962007,0.3,0.00026945666037991867,2.425893783569336
20000,0.0,homogeneous,raw,dr,lgbm,8,0.26651625648973803,0.3,0.033483743510261954,9.837655067443848
20000,0.0,homogeneous,raw,dr,linear,8,0.2648332510082278,0.3,0.03516674899177219,2.5968210697174072
20000,0.0,homogeneous,raw,tlearner,lgbm,8,0.256769776518029,0.3,0.043230223481970975,2.743300199508667
20000,0.0,homogeneous,concept,dr,lgbm,8,0.3019983112429722,0.3,0.0019983112429722283,6.121368885040283
20000,0.0,homogeneous,concept,dr,linear,8,0.3022623074928599,0.3,0.0022623074928599385,0.0666801929473877
20000,0.0,homogeneous,concept,tlearner,lgbm,8,0.2999014480635023,0.3,9.855193649771499e-05,2.4362611770629883
20000,0.0,homogeneous,learned,dr,lgbm,8,0.2907052803866615,0.3,0.009294719613338498,6.233886003494263
20000,0.0,homogeneous,learned,dr,linear,8,0.2956170716794203,0.3,0.004382928320579682,0.0715022087097168
20000,0.0,homogeneous,learned,tlearner,lgbm,8,0.2918690416633652,0.3,0.008130958336634797,2.2300031185150146
20000,0.0,homogeneous,raw,dr,lgbm,9,0.27211062266025937,0.3,0.027889377339740618,9.608453035354614
20000,0.0,homogeneous,raw,dr,linear,9,0.26998772065333765,0.3,0.03001227934666234,2.3684442043304443
20000,0.0,homogeneous,raw,tlearner,lgbm,9,0.26159297179861335,0.3,0.03840702820138664,2.896373987197876
20000,0.0,homogeneous,concept,dr,lgbm,9,0.31374715604007636,0.3,0.01374715604007637,6.366046905517578
20000,0.0,homogeneous,concept,dr,linear,9,0.31302827784644366,0.3,0.01302827784644367,0.07931709289550781
20000,0.0,homogeneous,concept,tlearner,lgbm,9,0.31052781498726734,0.3,0.010527814987267348,2.121567964553833
20000,0.0,homogeneous,learned,dr,lgbm,9,0.30096386579293005,0.3,0.0009638657929300631,6.395647764205933
20000,0.0,homogeneous,learned,dr,linear,9,0.30263534593363206,0.3,0.0026353459336320717,0.06974101066589355
20000,0.0,homogeneous,learned,tlearner,lgbm,9,0.3000412468301882,0.3,4.124683018819075e-05,2.3119029998779297
1000,0.3,homogeneous,raw,dr,lgbm,3,0.6805841740743495,0.3,0.38058417407434947,4.407946825027466
1000,0.3,homogeneous,raw,dr,linear,3,0.9158094129445395,0.3,0.6158094129445395,0.14777183532714844
1000,0.3,homogeneous,raw,tlearner,lgbm,3,0.4013364588651397,0.3,0.1013364588651397,1.322396993637085
1000,0.3,homogeneous,concept,dr,lgbm,3,0.43289455741630617,0.3,0.13289455741630618,3.5654263496398926
1000,0.3,homogeneous,concept,dr,linear,3,0.4219254562115111,0.3,0.12192545621151113,0.01532888412475586
1000,0.3,homogeneous,concept,tlearner,lgbm,3,0.42617013067849824,0.3,0.12617013067849825,1.1434321403503418
1000,0.3,homogeneous,learned,dr,lgbm,3,0.4665727927636691,0.3,0.1665727927636691,2.7817211151123047
1000,0.3,homogeneous,learned,dr,linear,3,0.5581337369771219,0.3,0.2581337369771219,0.018772125244140625
1000,0.3,homogeneous,learned,tlearner,lgbm,3,0.41231070245488133,0.3,0.11231070245488134,1.1620359420776367
1000,0.3,homogeneous,raw,dr,lgbm,4,0.9059995963885628,0.3,0.6059995963885627,4.635120153427124
1000,0.3,homogeneous,raw,dr,linear,4,0.40596325366178254,0.3,0.10596325366178255,0.14835190773010254
1000,0.3,homogeneous,raw,tlearner,lgbm,4,0.3052646874676352,0.3,0.0052646874676351985,1.3570561408996582
1000,0.3,homogeneous,concept,dr,lgbm,4,0.3668108994679968,0.3,0.06681089946799679,3.7239599227905273
1000,0.3,homogeneous,concept,dr,linear,4,0.32746414338574165,0.3,0.027464143385741657,0.014432191848754883
1000,0.3,homogeneous,concept,tlearner,lgbm,4,0.3649107627090118,0.3,0.0649107627090118,1.0311968326568604
1000,0.3,homogeneous,learned,dr,lgbm,4,0.38759936077589746,0.3,0.08759936077589747,3.1881442070007324
1000,0.3,homogeneous,learned,dr,linear,4,0.33989274520476526,0.3,0.03989274520476527,0.011791706085205078
1000,0.3,homogeneous,learned,tlearner,lgbm,4,0.3170512363149508,0.3,0.017051236314950813,1.1509277820587158
1000,0.3,homogeneous,raw,dr,lgbm,5,0.9050869357352281,0.3,0.6050869357352282,3.8753011226654053
1000,0.3,homogeneous,raw,dr,linear,5,0.8589579916014901,0.3,0.5589579916014902,0.15624094009399414
1000,0.3,homogeneous,raw,tlearner,lgbm,5,0.34484651685874573,0.3,0.044846516858745744,1.2972862720489502
1000,0.3,homogeneous,concept,dr,lgbm,5,0.3725967179159575,0.3,0.07259671791595751,3.9013140201568604
1000,0.3,homogeneous,concept,dr,linear,5,0.38042760511754165,0.3,0.08042760511754166,0.015366792678833008
1000,0.3,homogeneous,concept,tlearner,lgbm,5,0.365681245281712,0.3,0.06568124528171199,1.2876462936401367
1000,0.3,homogeneous,learned,dr,lgbm,5,0.3893943241422084,0.3,0.08939432414220844,3.589015007019043
1000,0.3,homogeneous,learned,dr,linear,5,0.2995299212112632,0.3,0.000470078788736783,0.013456106185913086
1000,0.3,homogeneous,learned,tlearner,lgbm,5,0.3358805990862162,0.3,0.035880599086216214,1.1624431610107422
1000,0.3,homogeneous,raw,dr,lgbm,6,1.132792768379393,0.3,0.832792768379393,4.214481830596924
1000,0.3,homogeneous,raw,dr,linear,6,0.9498166346207944,0.3,0.6498166346207943,0.15811681747436523
1000,0.3,homogeneous,raw,tlearner,lgbm,6,0.3646691934656949,0.3,0.06466919346569489,1.2447240352630615
1000,0.3,homogeneous,concept,dr,lgbm,6,0.4462833354831689,0.3,0.1462833354831689,3.345399856567383
1000,0.3,homogeneous,concept,dr,linear,6,0.44218288166509195,0.3,0.14218288166509196,0.015078067779541016
1000,0.3,homogeneous,concept,tlearner,lgbm,6,0.4343796770071377,0.3,0.1343796770071377,0.8062269687652588
1000,0.3,homogeneous,learned,dr,lgbm,6,0.45837419832041043,0.3,0.15837419832041044,3.0470361709594727
1000,0.3,homogeneous,learned,dr,linear,6,0.528510690294817,0.3,0.22851069029481702,0.015184164047241211
1000,0.3,homogeneous,learned,tlearner,lgbm,6,0.41238972696791326,0.3,0.11238972696791327,1.115813970565796
1000,0.3,homogeneous,raw,dr,lgbm,7,0.7056946632618541,0.3,0.40569466326185416,4.310492277145386
1000,0.3,homogeneous,raw,dr,linear,7,0.884078997047657,0.3,0.584078997047657,0.1572279930114746
1000,0.3,homogeneous,raw,tlearner,lgbm,7,0.3196182122536966,0.3,0.019618212253696587,1.324589729309082
1000,0.3,homogeneous,concept,dr,lgbm,7,0.34482568059715446,0.3,0.04482568059715447,3.24377703666687
1000,0.3,homogeneous,concept,dr,linear,7,0.3444715302788475,0.3,0.04447153027884754,0.018702030181884766
1000,0.3,homogeneous,concept,tlearner,lgbm,7,0.3592916866384968,0.3,0.05929168663849682,1.2203521728515625
1000,0.3,homogeneous,learned,dr,lgbm,7,0.3778870629897684,0.3,0.07788706298976839,3.152323007583618
1000,0.3,homogeneous,learned,dr,linear,7,0.35977738372899304,0.3,0.05977738372899305,0.011845111846923828
1000,0.3,homogeneous,learned,tlearner,lgbm,7,0.32867036232926183,0.3,0.028670362329261845,1.031642198562622
1000,0.3,homogeneous,raw,dr,lgbm,8,0.33374675881734117,0.3,0.03374675881734118,3.76448917388916
1000,0.3,homogeneous,raw,dr,linear,8,-0.17836606811402755,0.3,0.47836606811402754,0.1589510440826416
1000,0.3,homogeneous,raw,tlearner,lgbm,8,0.287863667172135,0.3,0.01213633282786497,1.4002737998962402
1000,0.3,homogeneous,concept,dr,lgbm,8,0.356798314648552,0.3,0.056798314648552006,3.5697221755981445
1000,0.3,homogeneous,concept,dr,linear,8,0.335295497243973,0.3,0.03529549724397302,0.014737129211425781
1000,0.3,homogeneous,concept,tlearner,lgbm,8,0.3310468260552992,0.3,0.031046826055299237,1.2116131782531738
1000,0.3,homogeneous,learned,dr,lgbm,8,0.3520396585383202,0.3,0.05203965853832021,3.1965181827545166
1000,0.3,homogeneous,learned,dr,linear,8,0.29877436680763103,0.3,0.0012256331923689578,0.013702869415283203
1000,0.3,homogeneous,learned,tlearner,lgbm,8,0.35588995005523566,0.3,0.05588995005523567,1.1379709243774414
1000,0.3,homogeneous,raw,dr,lgbm,9,0.7576545571662991,0.3,0.45765455716629916,3.2120471000671387
1000,0.3,homogeneous,raw,dr,linear,9,1.107095644284917,0.3,0.8070956442849169,0.13484406471252441
1000,0.3,homogeneous,raw,tlearner,lgbm,9,0.3093609437689397,0.3,0.0093609437689397,0.7892401218414307
1000,0.3,homogeneous,concept,dr,lgbm,9,0.3655560203909645,0.3,0.06555602039096453,2.1979289054870605
1000,0.3,homogeneous,concept,dr,linear,9,0.3699146499715687,0.3,0.06991464997156871,0.01283717155456543
1000,0.3,homogeneous,concept,tlearner,lgbm,9,0.34457141782325185,0.3,0.04457141782325186,0.7357780933380127
1000,0.3,homogeneous,learned,dr,lgbm,9,0.339227318133435,0.3,0.039227318133434996,1.978018045425415
1000,0.3,homogeneous,learned,dr,linear,9,0.32699007112043216,0.3,0.02699007112043217,0.011967897415161133
1000,0.3,homogeneous,learned,tlearner,lgbm,9,0.39667767851689373,0.3,0.09667767851689374,0.6649143695831299
2000,0.3,homogeneous,raw,dr,lgbm,3,0.6464329787903813,0.3,0.3464329787903813,3.490015983581543
2000,0.3,homogeneous,raw,dr,linear,3,0.642148745046673,0.3,0.342148745046673,0.29133009910583496
2000,0.3,homogeneous,raw,tlearner,lgbm,3,0.3825156712129719,0.3,0.08251567121297193,1.031308889389038
2000,0.3,homogeneous,concept,dr,lgbm,3,0.438216242732875,0.3,0.13821624273287503,2.6339080333709717
2000,0.3,homogeneous,concept,dr,linear,3,0.4209811881557782,0.3,0.12098118815577819,0.015416145324707031
2000,0.3,homogeneous,concept,tlearner,lgbm,3,0.4290216251164194,0.3,0.1290216251164194,0.8845560550689697
2000,0.3,homogeneous,learned,dr,lgbm,3,0.38455849057123637,0.3,0.08455849057123638,2.576457977294922
2000,0.3,homogeneous,learned,dr,linear,3,0.4132131220428954,0.3,0.11321312204289541,0.014597892761230469
2000,0.3,homogeneous,learned,tlearner,lgbm,3,0.4142074596044075,0.3,0.11420745960440754,0.8310401439666748
2000,0.3,homogeneous,raw,dr,lgbm,4,0.3562282653867791,0.3,0.05622826538677911,3.26938796043396
2000,0.3,homogeneous,raw,dr,linear,4,0.07714676913447395,0.3,0.22285323086552605,0.2708902359008789
2000,0.3,homogeneous,raw,tlearner,lgbm,4,0.31383901968665684,0.3,0.01383901968665685,1.044335126876831
2000,0.3,homogeneous,concept,dr,lgbm,4,0.4041819529812818,0.3,0.1041819529812818,2.5436899662017822
2000,0.3,homogeneous,concept,dr,linear,4,0.3578480535961562,0.3,0.05784805359615619,0.015241861343383789
2000,0.3,homogeneous,concept,tlearner,lgbm,4,0.36616685623060063,0.3,0.06616685623060065,0.9051961898803711
2000,0.3,homogeneous,learned,dr,lgbm,4,0.35115564722386605,0.3,0.05115564722386606,2.53169322013855
2000,0.3,homogeneous,learned,dr,linear,4,0.350130175408684,0.3,0.05013017540868403,0.015011072158813477
2000,0.3,homogeneous,learned,tlearner,lgbm,4,0.3409984255374203,0.3,0.040998425537420335,0.8189420700073242
2000,0.3,homogeneous,raw,dr,lgbm,5,0.3067786118002989,0.3,0.006778611800298928,3.268765926361084
2000,0.3,homogeneous,raw,dr,linear,5,0.40689199104548385,0.3,0.10689199104548386,0.27590131759643555
2000,0.3,homogeneous,raw,tlearner,lgbm,5,0.35373605289330395,0.3,0.053736052893303965,1.0652201175689697
2000,0.3,homogeneous,concept,dr,lgbm,5,0.39391900353338827,0.3,0.09391900353338828,2.708754062652588
2000,0.3,homogeneous,concept,dr,linear,5,0.38287740929817515,0.3,0.08287740929817516,0.0154571533203125
2000,0.3,homogeneous,concept,tlearner,lgbm,5,0.38197521617385155,0.3,0.08197521617385156,0.8720018863677979
2000,0.3,homogeneous,learned,dr,lgbm,5,0.3902502743814756,0.3,0.09025027438147559,2.557929039001465
2000,0.3,homogeneous,learned,dr,linear,5,0.3883186082644769,0.3,0.0883186082644769,0.014365911483764648
2000,0.3,homogeneous,learned,tlearner,lgbm,5,0.4001555645911294,0.3,0.1001555645911294,0.8444690704345703
2000,0.3,homogeneous,raw,dr,lgbm,6,0.5958819652782736,0.3,0.29588196527827365,3.3291471004486084
2000,0.3,homogeneous,raw,dr,linear,6,0.30316411927218845,0.3,0.0031641192721884592,0.2750129699707031
2000,0.3,homogeneous,raw,tlearner,lgbm,6,0.32267761519232147,0.3,0.022677615192321476,1.087224006652832
2000,0.3,homogeneous,concept,dr,lgbm,6,0.40721194753069956,0.3,0.10721194753069957,2.681997060775757
2000,0.3,homogeneous,concept,dr,linear,6,0.37875557239083063,0.3,0.07875557239083064,0.015347003936767578
2000,0.3,homogeneous,concept,tlearner,lgbm,6,0.38824426518122024,0.3,0.08824426518122025,0.929253101348877
2000,0.3,homogeneous,learned,dr,lgbm,6,0.3259914805537705,0.3,0.025991480553770485,2.443902015686035
2000,0.3,homogeneous,learned,dr,linear,6,0.34173437591310296,0.3,0.04173437591310297,0.014628171920776367
2000,0.3,homogeneous,learned,tlearner,lgbm,6,0.35181819555529054,0.3,0.05181819555529055,0.8520119190216064
2000,0.3,homogeneous,raw,dr,lgbm,7,0.2629394251975825,0.3,0.03706057480241748,3.2982289791107178
2000,0.3,homogeneous,raw,dr,linear,7,0.48985852773239197,0.3,0.18985852773239198,0.2707183361053467
2000,0.3,homogeneous,raw,tlearner,lgbm,7,0.3304506478812655,0.3,0.030450647881265502,1.053222894668579
2000,0.3,homogeneous,concept,dr,lgbm,7,0.3724699423710327,0.3,0.07246994237103271,2.581519842147827
2000,0.3,homogeneous,concept,dr,linear,7,0.3668397981086062,0.3,0.06683979810860619,0.014761924743652344
2000,0.3,homogeneous,concept,tlearner,lgbm,7,0.3657908438017495,0.3,0.06579084380174949,0.8570871353149414
2000,0.3,homogeneous,learned,dr,lgbm,7,0.35219058469923575,0.3,0.052190584699235765,2.6089820861816406
2000,0.3,homogeneous,learned,dr,linear,7,0.44351392954767277,0.3,0.14351392954767278,0.014924049377441406
2000,0.3,homogeneous,learned,tlearner,lgbm,7,0.3424656952837613,0.3,0.04246569528376132,0.833392858505249
2000,0.3,homogeneous,raw,dr,lgbm,8,0.3424170981853251,0.3,0.04241709818532513,3.1994869709014893
2000,0.3,homogeneous,raw,dr,linear,8,-0.04063276346671912,0.3,0.3406327634667191,0.2746148109436035
2000,0.3,homogeneous,raw,tlearner,lgbm,8,0.30400428257727685,0.3,0.004004282577276863,1.0429062843322754
2000,0.3,homogeneous,concept,dr,lgbm,8,0.3826832958226735,0.3,0.08268329582267353,2.6310982704162598
2000,0.3,homogeneous,concept,dr,linear,8,0.3749350329909319,0.3,0.0749350329909319,0.014953851699829102
2000,0.3,homogeneous,concept,tlearner,lgbm,8,0.36990044687840684,0.3,0.06990044687840685,0.8790867328643799
2000,0.3,homogeneous,learned,dr,lgbm,8,0.36339034923641406,0.3,0.06339034923641407,2.5286200046539307
2000,0.3,homogeneous,learned,dr,linear,8,0.36117666801129894,0.3,0.06117666801129895,0.014435052871704102
2000,0.3,homogeneous,learned,tlearner,lgbm,8,0.36601605751928057,0.3,0.06601605751928058,0.8375282287597656
2000,0.3,homogeneous,raw,dr,lgbm,9,-0.04716431252318285,0.3,0.34716431252318286,3.2818307876586914
2000,0.3,homogeneous,raw,dr,linear,9,-0.2310216270096001,0.3,0.5310216270096001,0.2731359004974365
2000,0.3,homogeneous,raw,tlearner,lgbm,9,0.32096119424005326,0.3,0.02096119424005327,1.0507218837738037
2000,0.3,homogeneous,concept,dr,lgbm,9,0.38148388675066053,0.3,0.08148388675066054,2.6499016284942627
2000,0.3,homogeneous,concept,dr,linear,9,0.38290717974470223,0.3,0.08290717974470224,0.014946937561035156
2000,0.3,homogeneous,concept,tlearner,lgbm,9,0.3786580092927629,0.3,0.0786580092927629,0.9282040596008301
2000,0.3,homogeneous,learned,dr,lgbm,9,0.3972652121439471,0.3,0.09726521214394712,2.610739231109619
2000,0.3,homogeneous,learned,dr,linear,9,0.32086677402359887,0.3,0.020866774023598877,0.014633893966674805
2000,0.3,homogeneous,learned,tlearner,lgbm,9,0.36779539586403814,0.3,0.06779539586403815,0.8819289207458496
5000,0.3,homogeneous,raw,dr,lgbm,0,0.38146305464446173,0.3,0.08146305464446174,3.9552860260009766
5000,0.3,homogeneous,raw,dr,linear,0,0.26638248602282094,0.3,0.03361751397717905,0.6166877746582031
5000,0.3,homogeneous,raw,tlearner,lgbm,0,0.3291624140509883,0.3,0.029162414050988295,1.2986407279968262
5000,0.3,homogeneous,concept,dr,lgbm,0,0.37392533040358594,0.3,0.07392533040358595,3.1900219917297363
5000,0.3,homogeneous,concept,dr,linear,0,0.3782595474057831,0.3,0.07825954740578311,0.0219571590423584
5000,0.3,homogeneous,concept,tlearner,lgbm,0,0.37240847370906555,0.3,0.07240847370906556,1.1290180683135986
5000,0.3,homogeneous,learned,dr,lgbm,0,0.40033954405876543,0.3,0.10033954405876544,2.974273920059204
5000,0.3,homogeneous,learned,dr,linear,0,0.4064720241541474,0.3,0.10647202415414742,0.02186298370361328
5000,0.3,homogeneous,learned,tlearner,lgbm,0,0.39356121265101024,0.3,0.09356121265101025,1.0262482166290283
5000,0.3,homogeneous,raw,dr,lgbm,1,0.3744234214435876,0.3,0.0744234214435876,4.043461799621582
5000,0.3,homogeneous,raw,dr,linear,1,0.28864681723522273,0.3,0.011353182764777259,0.6298182010650635
5000,0.3,homogeneous,raw,tlearner,lgbm,1,0.33400391278704145,0.3,0.03400391278704146,1.3042619228363037
5000,0.3,homogeneous,concept,dr,lgbm,1,0.37940377153154914,0.3,0.07940377153154915,3.1648287773132324
5000,0.3,homogeneous,concept,dr,linear,1,0.3794392542880796,0.3,0.07943925428807963,0.022503376007080078
5000,0.3,homogeneous,concept,tlearner,lgbm,1,0.37768921400809274,0.3,0.07768921400809276,1.1310820579528809
5000,0.3,homogeneous,learned,dr,lgbm,1,0.3775070707147554,0.3,0.07750707071475543,3.1107449531555176
5000,0.3,homogeneous,learned,dr,linear,1,0.3669658751342383,0.3,0.0669658751342383,0.02145695686340332
5000,0.3,homogeneous,learned,tlearner,lgbm,1,0.37283437639577494,0.3,0.07283437639577495,1.0573229789733887
5000,0.3,homogeneous,raw,dr,lgbm,2,0.3012665494907208,0.3,0.001266549490720803,4.069288969039917
5000,0.3,homogeneous,raw,dr,linear,2,0.25115628725396877,0.3,0.04884371274603122,0.6184108257293701
5000,0.3,homogeneous,raw,tlearner,lgbm,2,0.3235316962453311,0.3,0.023531696245331135,1.318079948425293
5000,0.3,homogeneous,concept,dr,lgbm,2,0.37567321735618886,0.3,0.07567321735618887,3.3367958068847656
5000,0.3,homogeneous,concept,dr,linear,2,0.37139963500882567,0.3,0.07139963500882568,0.02209305763244629
5000,0.3,homogeneous,concept,tlearner,lgbm,2,0.3653908046922744,0.3,0.06539080469227443,1.1573970317840576
5000,0.3,homogeneous,learned,dr,lgbm,2,0.35895878516501306,0.3,0.05895878516501307,3.0377941131591797
5000,0.3,homogeneous,learned,dr,linear,2,0.3730367248001281,0.3,0.07303672480012813,0.021358966827392578
5000,0.3,homogeneous,learned,tlearner,lgbm,2,0.36025034368042413,0.3,0.060250343680424145,1.0430622100830078
5000,0.3,homogeneous,raw,dr,lgbm,3,0.5095243604688857,0.3,0.20952436046888573,3.892648220062256
5000,0.3,homogeneous,raw,dr,linear,3,0.43398789890919703,0.3,0.13398789890919705,0.6024670600891113
5000,0.3,homogeneous,raw,tlearner,lgbm,3,0.34781646612590705,0.3,0.047816466125907064,1.2624051570892334
5000,0.3,homogeneous,concept,dr,lgbm,3,0.3964654753393421,0.3,0.09646547533934213,3.2109429836273193
5000,0.3,homogeneous,concept,dr,linear,3,0.3941112350358157,0.3,0.0941112350358157,0.022429943084716797
5000,0.3,homogeneous,concept,tlearner,lgbm,3,0.39388654237686405,0.3,0.09388654237686406,1.1062698364257812
5000,0.3,homogeneous,learned,dr,lgbm,3,0.38537013819890104,0.3,0.08537013819890105,3.060142993927002
5000,0.3,homogeneous,learned,dr,linear,3,0.37762730683982054,0.3,0.07762730683982055,0.02187204360961914
5000,0.3,homogeneous,learned,tlearner,lgbm,3,0.37811668387194325,0.3,0.07811668387194326,1.0263378620147705
5000,0.3,homogeneous,raw,dr,lgbm,4,0.22649939066704436,0.3,0.07350060933295563,3.9918432235717773
5000,0.3,homogeneous,raw,dr,linear,4,0.12437033028067444,0.3,0.17562966971932553,0.6099402904510498
5000,0.3,homogeneous,raw,tlearner,lgbm,4,0.3346826403908251,0.3,0.03468264039082514,1.2472710609436035
5000,0.3,homogeneous,concept,dr,lgbm,4,0.3945999240321207,0.3,0.0945999240321207,3.3181467056274414
5000,0.3,homogeneous,concept,dr,linear,4,0.38323203724180194,0.3,0.08323203724180195,0.022226810455322266
5000,0.3,homogeneous,concept,tlearner,lgbm,4,0.3792884949683507,0.3,0.07928849496835072,1.1488721370697021
5000,0.3,homogeneous,learned,dr,lgbm,4,0.42608415453168674,0.3,0.12608415453168675,2.9719130992889404
5000,0.3,homogeneous,learned,dr,linear,4,0.41649676171294536,0.3,0.11649676171294537,0.021094083786010742
5000,0.3,homogeneous,learned,tlearner,lgbm,4,0.3830409091543572,0.3,0.08304090915435719,1.0441629886627197
5000,0.3,homogeneous,raw,dr,lgbm,5,0.43056673525884265,0.3,0.13056673525884266,3.9819247722625732
5000,0.3,homogeneous,raw,dr,linear,5,0.34455333803095345,0.3,0.04455333803095346,0.6146187782287598
5000,0.3,homogeneous,raw,tlearner,lgbm,5,0.32907171375900246,0.3,0.02907171375900247,1.288863182067871
5000,0.3,homogeneous,concept,dr,lgbm,5,0.38413480837356173,0.3,0.08413480837356174,3.257312059402466
5000,0.3,homogeneous,concept,dr,linear,5,0.37531188284503153,0.3,0.07531188284503154,0.021839141845703125
5000,0.3,homogeneous,concept,tlearner,lgbm,5,0.37725583096608534,0.3,0.07725583096608535,1.1823952198028564
5000,0.3,homogeneous,learned,dr,lgbm,5,0.35802743858110314,0.3,0.05802743858110315,3.0017430782318115
5000,0.3,homogeneous,learned,dr,linear,5,0.3535817008285316,0.3,0.05358170082853159,0.021492958068847656
5000,0.3,homogeneous,learned,tlearner,lgbm,5,0.36252012316451904,0.3,0.06252012316451905,0.987440824508667
5000,0.3,homogeneous,raw,dr,lgbm,6,0.38025272794486703,0.3,0.08025272794486704,4.084925174713135
5000,0.3,homogeneous,raw,dr,linear,6,0.3915298374656967,0.3,0.0915298374656967,0.6151602268218994
5000,0.3,homogeneous,raw,tlearner,lgbm,6,0.33378794993011096,0.3,0.03378794993011097,1.315505027770996
5000,0.3,homogeneous,concept,dr,lgbm,6,0.39074778883596667,0.3,0.09074778883596668,3.3392319679260254
5000,0.3,homogeneous,concept,dr,linear,6,0.3785351744129717,0.3,0.0785351744129717,0.022231101989746094
5000,0.3,homogeneous,concept,tlearner,lgbm,6,0.3805066622037207,0.3,0.08050666220372071,1.1843080520629883
5000,0.3,homogeneous,learned,dr,lgbm,6,0.377760945865098,0.3,0.07776094586509802,2.922917127609253
5000,0.3,homogeneous,learned,dr,linear,6,0.3835207884984869,0.3,0.08352078849848693,0.021791934967041016
5000,0.3,homogeneous,learned,tlearner,lgbm,6,0.380119694683287,0.3,0.080119694683287,1.0149600505828857
5000,0.3,homogeneous,raw,dr,lgbm,7,0.36013902104961987,0.3,0.06013902104961988,3.957834005355835
5000,0.3,homogeneous,raw,dr,linear,7,0.2599496952000321,0.3,0.040050304799967906,0.6181943416595459
5000,0.3,homogeneous,raw,tlearner,lgbm,7,0.31393125945633227,0.3,0.013931259456332279,1.2916529178619385
5000,0.3,homogeneous,concept,dr,lgbm,7,0.3818272767719689,0.3,0.08182727677196894,3.2426869869232178
5000,0.3,homogeneous,concept,dr,linear,7,0.36834186006610675,0.3,0.06834186006610676,0.022583723068237305
5000,0.3,homogeneous,concept,tlearner,lgbm,7,0.3759133230358943,0.3,0.07591332303589432,1.1600098609924316
5000,0.3,homogeneous,learned,dr,lgbm,7,0.35688212709225475,0.3,0.056882127092254764,3.0526628494262695
5000,0.3,homogeneous,learned,dr,linear,7,0.3530987558297522,0.3,0.05309875582975221,0.021305084228515625
5000,0.3,homogeneous,learned,tlearner,lgbm,7,0.34531569673198576,0.3,0.045315696731985766,1.0652811527252197
5000,0.3,homogeneous,raw,dr,lgbm,8,0.33448334652688083,0.3,0.03448334652688084,4.0022242069244385
5000,0.3,homogeneous,raw,dr,linear,8,0.21356367586836766,0.3,0.08643632413163232,0.6070671081542969
5000,0.3,homogeneous,raw,tlearner,lgbm,8,0.3096770887483364,0.3,0.009677088748336393,1.3102059364318848
5000,0.3,homogeneous,concept,dr,lgbm,8,0.3790386913017836,0.3,0.07903869130178359,3.147541046142578
5000,0.3,homogeneous,concept,dr,linear,8,0.36770460718474335,0.3,0.06770460718474336,0.021759986877441406
5000,0.3,homogeneous,concept,tlearner,lgbm,8,0.3603730423773696,0.3,0.06037304237736962,1.1404378414154053
5000,0.3,homogeneous,learned,dr,lgbm,8,0.35701292526094563,0.3,0.057012925260945646,2.9869608879089355
5000,0.3,homogeneous,learned,dr,linear,8,0.3482000088492583,0.3,0.04820000884925829,0.021712064743041992
5000,0.3,homogeneous,learned,tlearner,lgbm,8,0.3544340979383514,0.3,0.05443409793835141,1.0591039657592773
5000,0.3,homogeneous,raw,dr,lgbm,9,0.18260405450053416,0.3,0.11739594549946583,4.0760509967803955
5000,0.3,homogeneous,raw,dr,linear,9,0.12837555988851526,0.3,0.17162444011148473,0.6208248138427734
5000,0.3,homogeneous,raw,tlearner,lgbm,9,0.3252514302141405,0.3,0.025251430214140502,1.2874891757965088
5000,0.3,homogeneous,concept,dr,lgbm,9,0.40029975691345177,0.3,0.10029975691345178,3.3944520950317383
5000,0.3,homogeneous,concept,dr,linear,9,0.38442076233696226,0.3,0.08442076233696227,0.022569894790649414
5000,0.3,homogeneous,concept,tlearner,lgbm,9,0.38200779636342097,0.3,0.08200779636342098,1.2097041606903076
5000,0.3,homogeneous,learned,dr,lgbm,9,0.3526391036098972,0.3,0.05263910360989721,2.885114908218384
5000,0.3,homogeneous,learned,dr,linear,9,0.35772107752484117,0.3,0.05772107752484118,0.021131038665771484
5000,0.3,homogeneous,learned,tlearner,lgbm,9,0.3526442578104621,0.3,0.052644257810462114,0.9613809585571289
10000,0.3,homogeneous,raw,dr,lgbm,0,0.34211114299359197,0.3,0.04211114299359198,4.900083065032959
10000,0.3,homogeneous,raw,dr,linear,0,0.32882662908933946,0.3,0.028826629089339473,1.1474452018737793
10000,0.3,homogeneous,raw,tlearner,lgbm,0,0.3262912208418421,0.3,0.0262912208418421,1.438655138015747
10000,0.3,homogeneous,concept,dr,lgbm,0,0.3715460032147998,0.3,0.07154600321479981,3.6581099033355713
10000,0.3,homogeneous,concept,dr,linear,0,0.37016467952205045,0.3,0.07016467952205047,0.03219008445739746
10000,0.3,homogeneous,concept,tlearner,lgbm,0,0.36538814003761844,0.3,0.06538814003761845,1.321404218673706
10000,0.3,homogeneous,learned,dr,lgbm,0,0.3649635729312915,0.3,0.06496357293129151,3.206246852874756
10000,0.3,homogeneous,learned,dr,linear,0,0.36738711206524693,0.3,0.06738711206524695,0.031928062438964844
10000,0.3,homogeneous,learned,tlearner,lgbm,0,0.3670376522738661,0.3,0.0670376522738661,1.1438281536102295
10000,0.3,homogeneous,raw,dr,lgbm,1,0.3735223474240459,0.3,0.0735223474240459,4.827075004577637
10000,0.3,homogeneous,raw,dr,linear,1,0.3375453917582512,0.3,0.03754539175825122,1.176698923110962
10000,0.3,homogeneous,raw,tlearner,lgbm,1,0.33342614298208245,0.3,0.03342614298208246,1.4374778270721436
10000,0.3,homogeneous,concept,dr,lgbm,1,0.3777615773484662,0.3,0.07776157734846623,3.589416027069092
10000,0.3,homogeneous,concept,dr,linear,1,0.373917038987531,0.3,0.07391703898753099,0.03247475624084473
10000,0.3,homogeneous,concept,tlearner,lgbm,1,0.3774236177507033,0.3,0.07742361775070333,1.3267090320587158
10000,0.3,homogeneous,learned,dr,lgbm,1,0.36802289741661776,0.3,0.06802289741661777,3.3274028301239014
10000,0.3,homogeneous,learned,dr,linear,1,0.364802536114415,0.3,0.064802536114415,0.0322110652923584
10000,0.3,homogeneous,learned,tlearner,lgbm,1,0.3694478710379217,0.3,0.06944787103792172,1.172724962234497
10000,0.3,homogeneous,raw,dr,lgbm,2,0.3221350459652106,0.3,0.022135045965210598,4.792301893234253
10000,0.3,homogeneous,raw,dr,linear,2,0.32965797020265886,0.3,0.029657970202658868,1.092763900756836
10000,0.3,homogeneous,raw,tlearner,lgbm,2,0.3412772956683655,0.3,0.04127729566836552,1.4289839267730713
10000,0.3,homogeneous,concept,dr,lgbm,2,0.382820023157443,0.3,0.08282002315744302,3.7046940326690674
10000,0.3,homogeneous,concept,dr,linear,2,0.38048155025327995,0.3,0.08048155025327997,0.03286004066467285
10000,0.3,homogeneous,concept,tlearner,lgbm,2,0.37936028143769046,0.3,0.07936028143769047,1.3257620334625244
10000,0.3,homogeneous,learned,dr,lgbm,2,0.38898185053273715,0.3,0.08898185053273716,3.4049930572509766
10000,0.3,homogeneous,learned,dr,linear,2,0.3993325850239338,0.3,0.09933258502393383,0.03309798240661621
10000,0.3,homogeneous,learned,tlearner,lgbm,2,0.3859182551574131,0.3,0.08591825515741314,1.2471868991851807
10000,0.3,homogeneous,raw,dr,lgbm,3,0.377762311207317,0.3,0.07776231120731703,4.905608177185059
10000,0.3,homogeneous,raw,dr,linear,3,0.376995380816386,0.3,0.07699538081638602,1.1176807880401611
10000,0.3,homogeneous,raw,tlearner,lgbm,3,0.35626201295532023,0.3,0.05626201295532024,1.4369168281555176
10000,0.3,homogeneous,concept,dr,lgbm,3,0.3946334344572944,0.3,0.09463343445729439,3.641218900680542
10000,0.3,homogeneous,concept,dr,linear,3,0.39072642151987635,0.3,0.09072642151987637,0.03181576728820801
10000,0.3,homogeneous,concept,tlearner,lgbm,3,0.3929026242922353,0.3,0.09290262429223534,1.3098149299621582
10000,0.3,homogeneous,learned,dr,lgbm,3,0.3875924285086175,0.3,0.08759242850861754,3.4055140018463135
10000,0.3,homogeneous,learned,dr,linear,3,0.39452335323476445,0.3,0.09452335323476446,0.03197002410888672
10000,0.3,homogeneous,learned,tlearner,lgbm,3,0.3922128141340121,0.3,0.09221281413401211,1.172729730606079
10000,0.3,homogeneous,raw,dr,lgbm,4,0.3553073066190386,0.3,0.0553073066190386,5.0345869064331055
10000,0.3,homogeneous,raw,dr,linear,4,0.35099706046274987,0.3,0.05099706046274988,1.2422940731048584
10000,0.3,homogeneous,raw,tlearner,lgbm,4,0.341739346200242,0.3,0.041739346200242,1.423248291015625
10000,0.3,homogeneous,concept,dr,lgbm,4,0.38424697393452584,0.3,0.08424697393452585,3.590941905975342
10000,0.3,homogeneous,concept,dr,linear,4,0.38207358690267684,0.3,0.08207358690267685,0.03239870071411133
10000,0.3,homogeneous,concept,tlearner,lgbm,4,0.37919103604427074,0.3,0.07919103604427075,1.3266382217407227
10000,0.3,homogeneous,learned,dr,lgbm,4,0.37749631747352197,0.3,0.07749631747352198,3.3310089111328125
10000,0.3,homogeneous,learned,dr,linear,4,0.38412477103975223,0.3,0.08412477103975224,0.03262686729431152
10000,0.3,homogeneous,learned,tlearner,lgbm,4,0.3780865967552092,0.3,0.07808659675520924,1.1568410396575928
10000,0.3,homogeneous,raw,dr,lgbm,5,0.3764889220967125,0.3,0.07648892209671249,4.982147693634033
10000,0.3,homogeneous,raw,dr,linear,5,0.372811293509317,0.3,0.07281129350931703,1.130770206451416
10000,0.3,homogeneous,raw,tlearner,lgbm,5,0.32002170643064604,0.3,0.020021706430646047,1.4835467338562012
10000,0.3,homogeneous,concept,dr,lgbm,5,0.37985693063364556,0.3,0.07985693063364557,3.6742630004882812
10000,0.3,homogeneous,concept,dr,linear,5,0.37357772409588086,0.3,0.07357772409588087,0.03220415115356445
10000,0.3,homogeneous,concept,tlearner,lgbm,5,0.3736576938991502,0.3,0.07365769389915022,1.3023600578308105
10000,0.3,homogeneous,learned,dr,lgbm,5,0.3450209776709606,0.3,0.04502097767096064,3.348238945007324
10000,0.3,homogeneous,learned,dr,linear,5,0.33884962243391975,0.3,0.03884962243391976,0.0320887565612793
10000,0.3,homogeneous,learned,tlearner,lgbm,5,0.34424509046140167,0.3,0.04424509046140168,1.1625559329986572
10000,0.3,homogeneous,raw,dr,lgbm,6,0.32449916192274614,0.3,0.02449916192274615,5.056643962860107
10000,0.3,homogeneous,raw,dr,linear,6,0.3369702538839236,0.3,0.03697025388392361,1.1323258876800537
10000,0.3,homogeneous,raw,tlearner,lgbm,6,0.3272535997651129,0.3,0.027253599765112935,1.5004632472991943
10000,0.3,homogeneous,concept,dr,lgbm,6,0.3896741194133104,0.3,0.08967411941331044,3.564340114593506
10000,0.3,homogeneous,concept,dr,linear,6,0.3796186007081581,0.3,0.07961860070815813,0.03317403793334961
10000,0.3,homogeneous,concept,tlearner,lgbm,6,0.37902330193541955,0.3,0.07902330193541957,1.2885491847991943
10000,0.3,homogeneous,learned,dr,lgbm,6,0.36523441238680754,0.3,0.06523441238680755,3.3001928329467773
10000,0.3,homogeneous,learned,dr,linear,6,0.3682809303122837,0.3,0.06828093031228372,0.03137612342834473
10000,0.3,homogeneous,learned,tlearner,lgbm,6,0.3669913170021169,0.3,0.06699131700211691,1.1920337677001953
10000,0.3,homogeneous,raw,dr,lgbm,7,0.34063072997216504,0.3,0.04063072997216505,4.830909252166748
10000,0.3,homogeneous,raw,dr,linear,7,0.30489542426368016,0.3,0.00489542426368017,1.1458358764648438
10000,0.3,homogeneous,raw,tlearner,lgbm,7,0.3346370469620129,0.3,0.03463704696201292,1.4286839962005615
10000,0.3,homogeneous,concept,dr,lgbm,7,0.3865640852899179,0.3,0.08656408528991794,3.6269497871398926
10000,0.3,homogeneous,concept,dr,linear,7,0.3828124545173921,0.3,0.08281245451739211,0.032032012939453125
10000,0.3,homogeneous,concept,tlearner,lgbm,7,0.3811401268089905,0.3,0.08114012680899052,1.2870900630950928
10000,0.3,homogeneous,learned,dr,lgbm,7,0.3625747540902979,0.3,0.06257475409029789,3.3317439556121826
10000,0.3,homogeneous,learned,dr,linear,7,0.3636145055107957,0.3,0.06361450551079573,0.032022953033447266
10000,0.3,homogeneous,learned,tlearner,lgbm,7,0.36166316863588616,0.3,0.06166316863588617,1.1883740425109863
10000,0.3,homogeneous,raw,dr,lgbm,8,0.3347099832677845,0.3,0.03470998326778452,4.911194324493408
10000,0.3,homogeneous,raw,dr,linear,8,0.31084975207072185,0.3,0.010849752070721863,1.119102954864502
10000,0.3,homogeneous,raw,tlearner,lgbm,8,0.3165706939002728,0.3,0.016570693900272826,1.422051191329956
10000,0.3,homogeneous,concept,dr,lgbm,8,0.37555576134997315,0.3,0.07555576134997316,3.6106960773468018
10000,0.3,homogeneous,concept,dr,linear,8,0.3686880498882105,0.3,0.06868804988821053,0.03132319450378418
10000,0.3,homogeneous,concept,tlearner,lgbm,8,0.36816275094333495,0.3,0.06816275094333496,1.298719882965088
10000,0.3,homogeneous,learned,dr,lgbm,8,0.3617604963621068,0.3,0.06176049636210679,3.3780360221862793
10000,0.3,homogeneous,learned,dr,linear,8,0.3646722891201744,0.3,0.06467228912017442,0.031196117401123047
10000,0.3,homogeneous,learned,tlearner,lgbm,8,0.3598169607794662,0.3,0.05981696077946619,1.1913940906524658
10000,0.3,homogeneous,raw,dr,lgbm,9,0.3607106860218032,0.3,0.060710686021803184,5.003383636474609
10000,0.3,homogeneous,raw,dr,linear,9,0.3681389373533026,0.3,0.06813893735330262,1.2284328937530518
10000,0.3,homogeneous,raw,tlearner,lgbm,9,0.3405017493354145,0.3,0.040501749335414505,1.474553108215332
10000,0.3,homogeneous,concept,dr,lgbm,9,0.3963176908487683,0.3,0.09631769084876829,3.7021729946136475
10000,0.3,homogeneous,concept,dr,linear,9,0.3916631816784578,0.3,0.09166318167845783,0.03269815444946289
10000,0.3,homogeneous,concept,tlearner,lgbm,9,0.38944709459442695,0.3,0.08944709459442696,1.3239140510559082
10000,0.3,homogeneous,learned,dr,lgbm,9,0.3797103060298286,0.3,0.07971030602982859,3.3186159133911133
10000,0.3,homogeneous,learned,dr,linear,9,0.37721929238352486,0.3,0.07721929238352487,0.03173398971557617
10000,0.3,homogeneous,learned,tlearner,lgbm,9,0.37676682763092934,0.3,0.07676682763092935,1.1680898666381836
20000,0.3,homogeneous,raw,dr,lgbm,0,0.3283257343827221,0.3,0.028325734382722123,6.570917129516602
20000,0.3,homogeneous,raw,dr,linear,0,0.3388584540816154,0.3,0.03885845408161542,2.157615900039673
20000,0.3,homogeneous,raw,tlearner,lgbm,0,0.3317162186153569,0.3,0.031716218615356895,1.6899619102478027
20000,0.3,homogeneous,concept,dr,lgbm,0,0.37744912638856015,0.3,0.07744912638856016,3.959012746810913
20000,0.3,homogeneous,concept,dr,linear,0,0.3762239553359252,0.3,0.07622395533592519,0.05532407760620117
20000,0.3,homogeneous,concept,tlearner,lgbm,0,0.3730243183631059,0.3,0.07302431836310591,1.4485490322113037
20000,0.3,homogeneous,learned,dr,lgbm,0,0.3648717837839445,0.3,0.06487178378394454,3.9147560596466064
20000,0.3,homogeneous,learned,dr,linear,0,0.36939596036367556,0.3,0.06939596036367557,0.05668377876281738
20000,0.3,homogeneous,learned,tlearner,lgbm,0,0.36609487053812817,0.3,0.06609487053812818,1.3825109004974365
20000,0.3,homogeneous,raw,dr,lgbm,1,0.343938239556759,0.3,0.04393823955675902,6.520813226699829
20000,0.3,homogeneous,raw,dr,linear,1,0.3596035838744276,0.3,0.0596035838744276,2.167470693588257
20000,0.3,homogeneous,raw,tlearner,lgbm,1,0.33210849042213836,0.3,0.03210849042213837,1.6932852268218994
20000,0.3,homogeneous,concept,dr,lgbm,1,0.37671278313991047,0.3,0.07671278313991048,3.9633629322052
20000,0.3,homogeneous,concept,dr,linear,1,0.37509277302851085,0.3,0.07509277302851086,0.05552816390991211
20000,0.3,homogeneous,concept,tlearner,lgbm,1,0.37522199322649197,0.3,0.07522199322649198,1.4992408752441406
20000,0.3,homogeneous,learned,dr,lgbm,1,0.3663531279414124,0.3,0.0663531279414124,3.807765007019043
20000,0.3,homogeneous,learned,dr,linear,1,0.37160553198124624,0.3,0.07160553198124625,0.0568089485168457
20000,0.3,homogeneous,learned,tlearner,lgbm,1,0.36677124003926675,0.3,0.06677124003926677,1.3636260032653809
20000,0.3,homogeneous,raw,dr,lgbm,2,0.33522705873544595,0.3,0.03522705873544596,6.6849751472473145
20000,0.3,homogeneous,raw,dr,linear,2,0.3376938451616433,0.3,0.03769384516164331,2.215514898300171
20000,0.3,homogeneous,raw,tlearner,lgbm,2,0.33633830931320047,0.3,0.03633830931320048,1.6779100894927979
20000,0.3,homogeneous,concept,dr,lgbm,2,0.38307560337983865,0.3,0.08307560337983866,3.960740089416504
20000,0.3,homogeneous,concept,dr,linear,2,0.38214302585788124,0.3,0.08214302585788125,0.05327296257019043
20000,0.3,homogeneous,concept,tlearner,lgbm,2,0.3814297820188505,0.3,0.08142978201885054,1.4791088104248047
20000,0.3,homogeneous,learned,dr,lgbm,2,0.37599774584384527,0.3,0.07599774584384528,3.7798478603363037
20000,0.3,homogeneous,learned,dr,linear,2,0.3791753749306611,0.3,0.07917537493066112,0.055097103118896484
20000,0.3,homogeneous,learned,tlearner,lgbm,2,0.3768596118654893,0.3,0.07685961186548929,1.319835901260376
20000,0.3,homogeneous,raw,dr,lgbm,3,0.36923298339137817,0.3,0.06923298339137818,6.426382064819336
20000,0.3,homogeneous,raw,dr,linear,3,0.3600278698800445,0.3,0.06002786988004449,2.150601387023926
20000,0.3,homogeneous,raw,tlearner,lgbm,3,0.33380944076344116,0.3,0.03380944076344117,1.6691389083862305
20000,0.3,homogeneous,concept,dr,lgbm,3,0.37901677904522246,0.3,0.07901677904522247,3.9400880336761475
20000,0.3,homogeneous,concept,dr,linear,3,0.3780545980736949,0.3,0.07805459807369491,0.05449414253234863
20000,0.3,homogeneous,concept,tlearner,lgbm,3,0.37610897534600884,0.3,0.07610897534600886,1.4340128898620605
20000,0.3,homogeneous,learned,dr,lgbm,3,0.3696393662815166,0.3,0.06963936628151662,3.8578009605407715
20000,0.3,homogeneous,learned,dr,linear,3,0.3746513281870776,0.3,0.07465132818707759,0.0548710823059082
20000,0.3,homogeneous,learned,tlearner,lgbm,3,0.3702127585255154,0.3,0.0702127585255154,1.367475986480713
20000,0.3,homogeneous,raw,dr,lgbm,4,0.32158036933202894,0.3,0.021580369332028948,6.429760932922363
20000,0.3,homogeneous,raw,dr,linear,4,0.3183155554186524,0.3,0.01831555541865243,2.0534579753875732
20000,0.3,homogeneous,raw,tlearner,lgbm,4,0.32690938284994664,0.3,0.02690938284994665,1.6655948162078857
20000,0.3,homogeneous,concept,dr,lgbm,4,0.3764779233856946,0.3,0.07647792338569459,3.938378095626831
20000,0.3,homogeneous,concept,dr,linear,4,0.3747640521248834,0.3,0.0747640521248834,0.05400586128234863
20000,0.3,homogeneous,concept,tlearner,lgbm,4,0.37310624427001277,0.3,0.07310624427001278,1.4880578517913818
20000,0.3,homogeneous,learned,dr,lgbm,4,0.36822855956433437,0.3,0.06822855956433438,3.911271095275879
20000,0.3,homogeneous,learned,dr,linear,4,0.3738707391599194,0.3,0.07387073915991943,0.05444622039794922
20000,0.3,homogeneous,learned,tlearner,lgbm,4,0.3672106180635548,0.3,0.06721061806355483,1.3559811115264893
20000,0.3,homogeneous,raw,dr,lgbm,5,0.3320161354996286,0.3,0.03201613549962862,6.715969085693359
20000,0.3,homogeneous,raw,dr,linear,5,0.3312358938968463,0.3,0.031235893896846334,2.1755130290985107
20000,0.3,homogeneous,raw,tlearner,lgbm,5,0.32481460058194733,0.3,0.024814600581947344,1.6832191944122314
20000,0.3,homogeneous,concept,dr,lgbm,5,0.37809120822994635,0.3,0.07809120822994636,4.007283926010132
20000,0.3,homogeneous,concept,dr,linear,5,0.3746636339508293,0.3,0.07466363395082931,0.05356597900390625
20000,0.3,homogeneous,concept,tlearner,lgbm,5,0.37541758945335857,0.3,0.07541758945335858,1.4371562004089355
20000,0.3,homogeneous,learned,dr,lgbm,5,0.364678094604059,0.3,0.06467809460405899,3.8110299110412598
20000,0.3,homogeneous,learned,dr,linear,5,0.36576548302633305,0.3,0.06576548302633306,0.05486893653869629
20000,0.3,homogeneous,learned,tlearner,lgbm,5,0.36447688862170374,0.3,0.06447688862170375,1.3338980674743652
20000,0.3,homogeneous,raw,dr,lgbm,6,0.3211296468862618,0.3,0.021129646886261788,6.559244871139526
20000,0.3,homogeneous,raw,dr,linear,6,0.3300524536774855,0.3,0.03005245367748549,2.112138032913208
20000,0.3,homogeneous,raw,tlearner,lgbm,6,0.32539346525899215,0.3,0.025393465258992165,1.685600996017456
20000,0.3,homogeneous,concept,dr,lgbm,6,0.3753590014203514,0.3,0.0753590014203514,4.011023044586182
20000,0.3,homogeneous,concept,dr,linear,6,0.3744344169673852,0.3,0.07443441696738523,0.05423474311828613
20000,0.3,homogeneous,concept,tlearner,lgbm,6,0.3729830390751298,0.3,0.07298303907512982,1.497218132019043
20000,0.3,homogeneous,learned,dr,lgbm,6,0.36412801290520924,0.3,0.06412801290520925,3.9368629455566406
20000,0.3,homogeneous,learned,dr,linear,6,0.37036267315083754,0.3,0.07036267315083755,0.055326223373413086
20000,0.3,homogeneous,learned,tlearner,lgbm,6,0.36546947769031096,0.3,0.06546947769031097,1.3380937576293945
20000,0.3,homogeneous,raw,dr,lgbm,7,0.31713882330714127,0.3,0.017138823307141282,6.5974791049957275
20000,0.3,homogeneous,raw,dr,linear,7,0.31939740404133504,0.3,0.019397404041335053,2.241637945175171
20000,0.3,homogeneous,raw,tlearner,lgbm,7,0.3316034395981895,0.3,0.03160343959818951,1.6801948547363281
20000,0.3,homogeneous,concept,dr,lgbm,7,0.38074039824003275,0.3,0.08074039824003276,3.9660627841949463
20000,0.3,homogeneous,concept,dr,linear,7,0.3786307030927875,0.3,0.07863070309278752,0.05481982231140137
20000,0.3,homogeneous,concept,tlearner,lgbm,7,0.37737115284203626,0.3,0.07737115284203627,1.4636890888214111
20000,0.3,homogeneous,learned,dr,lgbm,7,0.36906424681714195,0.3,0.06906424681714196,3.8556339740753174
20000,0.3,homogeneous,learned,dr,linear,7,0.3747044802614351,0.3,0.07470448026143511,0.05526089668273926
20000,0.3,homogeneous,learned,tlearner,lgbm,7,0.36853868538091045,0.3,0.06853868538091046,1.3643169403076172
20000,0.3,homogeneous,raw,dr,lgbm,8,0.34037209785685446,0.3,0.04037209785685447,6.418539762496948
20000,0.3,homogeneous,raw,dr,linear,8,0.33953829308548455,0.3,0.039538293085484566,2.1113839149475098
20000,0.3,homogeneous,raw,tlearner,lgbm,8,0.3218595644936864,0.3,0.021859564493686423,1.667680025100708
20000,0.3,homogeneous,concept,dr,lgbm,8,0.37071539618742333,0.3,0.07071539618742334,3.895794153213501
20000,0.3,homogeneous,concept,dr,linear,8,0.3688684497435805,0.3,0.06886844974358053,0.053544044494628906
20000,0.3,homogeneous,concept,tlearner,lgbm,8,0.36739855561050033,0.3,0.06739855561050034,1.4431440830230713
20000,0.3,homogeneous,learned,dr,lgbm,8,0.35785323728660734,0.3,0.05785323728660735,3.884040355682373
20000,0.3,homogeneous,learned,dr,linear,8,0.3612581640839969,0.3,0.061258164083996924,0.05549287796020508
20000,0.3,homogeneous,learned,tlearner,lgbm,8,0.3585544711103454,0.3,0.058554471110345396,1.3742270469665527
20000,0.3,homogeneous,raw,dr,lgbm,9,0.3436623587061717,0.3,0.04366235870617169,6.43255615234375
20000,0.3,homogeneous,raw,dr,linear,9,0.3397951406350259,0.3,0.03979514063502593,2.1014771461486816
20000,0.3,homogeneous,raw,tlearner,lgbm,9,0.3346998281467841,0.3,0.03469982814678413,1.6763787269592285
20000,0.3,homogeneous,concept,dr,lgbm,9,0.3893894733095521,0.3,0.0893894733095521,4.025200843811035
20000,0.3,homogeneous,concept,dr,linear,9,0.38689819710062745,0.3,0.08689819710062746,0.05404520034790039
20000,0.3,homogeneous,concept,tlearner,lgbm,9,0.38637290605794733,0.3,0.08637290605794734,1.4925730228424072
20000,0.3,homogeneous,learned,dr,lgbm,9,0.37257282752258297,0.3,0.07257282752258298,3.831230878829956
20000,0.3,homogeneous,learned,dr,linear,9,0.37479803125320954,0.3,0.07479803125320955,0.05524301528930664
20000,0.3,homogeneous,learned,tlearner,lgbm,9,0.37207843104329336,0.3,0.07207843104329337,1.362529993057251
1000,0.6,homogeneous,raw,dr,lgbm,0,0.45491578149361417,0.3,0.15491578149361418,2.6177568435668945
1000,0.6,homogeneous,raw,dr,linear,0,0.20877140735326413,0.3,0.09122859264673586,0.13628196716308594
1000,0.6,homogeneous,raw,tlearner,lgbm,0,0.3897355277641401,0.3,0.08973552776414012,0.7803149223327637
1000,0.6,homogeneous,concept,dr,lgbm,0,0.463723839804784,0.3,0.163723839804784,2.0467257499694824
1000,0.6,homogeneous,concept,dr,linear,0,0.48152678995478265,0.3,0.18152678995478266,0.012830257415771484
1000,0.6,homogeneous,concept,tlearner,lgbm,0,0.4470428750552434,0.3,0.14704287505524344,0.710698127746582
1000,0.6,homogeneous,learned,dr,lgbm,0,0.3956309063559759,0.3,0.09563090635597593,1.9251208305358887
1000,0.6,homogeneous,learned,dr,linear,0,0.3830922593866706,0.3,0.08309225938667059,0.011984109878540039
1000,0.6,homogeneous,learned,tlearner,lgbm,0,0.41741056055631465,0.3,0.11741056055631466,0.6177659034729004
1000,0.6,homogeneous,raw,dr,lgbm,1,0.6164843498800376,0.3,0.31648434988003765,2.6956562995910645
1000,0.6,homogeneous,raw,dr,linear,1,0.47862084073726063,0.3,0.17862084073726064,0.1321399211883545
1000,0.6,homogeneous,raw,tlearner,lgbm,1,0.38448019462729804,0.3,0.08448019462729806,0.812899112701416
1000,0.6,homogeneous,concept,dr,lgbm,1,0.4547880810757245,0.3,0.1547880810757245,1.9793190956115723
1000,0.6,homogeneous,concept,dr,linear,1,0.4619575348155178,0.3,0.16195753481551783,0.012526750564575195
1000,0.6,homogeneous,concept,tlearner,lgbm,1,0.42734487876904376,0.3,0.12734487876904377,0.7046232223510742
1000,0.6,homogeneous,learned,dr,lgbm,1,0.3638537156195145,0.3,0.06385371561951453,1.9257819652557373
1000,0.6,homogeneous,learned,dr,linear,1,0.37912493269249414,0.3,0.07912493269249415,0.012005090713500977
1000,0.6,homogeneous,learned,tlearner,lgbm,1,0.35442322102433177,0.3,0.05442322102433178,0.6309120655059814
1000,0.6,homogeneous,raw,dr,lgbm,2,1.3998804121486137,0.3,1.0998804121486137,2.600602149963379
1000,0.6,homogeneous,raw,dr,linear,2,1.434184182450415,0.3,1.1341841824504149,0.13288593292236328
1000,0.6,homogeneous,raw,tlearner,lgbm,2,0.47714003592353754,0.3,0.17714003592353755,0.7430679798126221
1000,0.6,homogeneous,concept,dr,lgbm,2,0.47343697699307996,0.3,0.17343697699307997,2.0148770809173584
1000,0.6,homogeneous,concept,dr,linear,2,0.5068523543237479,0.3,0.20685235432374788,0.012245893478393555
1000,0.6,homogeneous,concept,tlearner,lgbm,2,0.48744880000331603,0.3,0.18744880000331604,0.6866991519927979
1000,0.6,homogeneous,learned,dr,lgbm,2,0.4475358748407896,0.3,0.14753587484078962,2.0027990341186523
1000,0.6,homogeneous,learned,dr,linear,2,0.3809190576438422,0.3,0.08091905764384222,0.012346982955932617
1000,0.6,homogeneous,learned,tlearner,lgbm,2,0.5368230293003742,0.3,0.2368230293003742,0.6461958885192871
1000,0.6,homogeneous,raw,dr,lgbm,3,0.6510051439785106,0.3,0.3510051439785106,2.6961469650268555
1000,0.6,homogeneous,raw,dr,linear,3,1.1084185553422934,0.3,0.8084185553422933,0.13501214981079102
1000,0.6,homogeneous,raw,tlearner,lgbm,3,0.450678855089329,0.3,0.150678855089329,0.7756037712097168
1000,0.6,homogeneous,concept,dr,lgbm,3,0.4922048015500956,0.3,0.19220480155009562,2.1158437728881836
1000,0.6,homogeneous,concept,dr,linear,3,0.4774736164730417,0.3,0.17747361647304172,0.012723922729492188
1000,0.6,homogeneous,concept,tlearner,lgbm,3,0.4852560013740584,0.3,0.1852560013740584,0.6971778869628906
1000,0.6,homogeneous,learned,dr,lgbm,3,0.4801460170260324,0.3,0.1801460170260324,2.0062170028686523
1000,0.6,homogeneous,learned,dr,linear,3,0.5893542466305023,0.3,0.2893542466305023,0.012160062789916992
1000,0.6,homogeneous,learned,tlearner,lgbm,3,0.4781216416406078,0.3,0.1781216416406078,0.6184430122375488
1000,0.6,homogeneous,raw,dr,lgbm,4,1.013883075906867,0.3,0.7138830759068671,2.646662950515747
1000,0.6,homogeneous,raw,dr,linear,4,0.5746522471816808,0.3,0.27465224718168085,0.1331489086151123
1000,0.6,homogeneous,raw,tlearner,lgbm,4,0.35519978641534145,0.3,0.055199786415341456,0.7993550300598145
1000,0.6,homogeneous,concept,dr,lgbm,4,0.4210711738238124,0.3,0.12107117382381238,2.1141839027404785
1000,0.6,homogeneous,concept,dr,linear,4,0.38250824424338586,0.3,0.08250824424338588,0.012701988220214844
1000,0.6,homogeneous,concept,tlearner,lgbm,4,0.4278161406050609,0.3,0.1278161406050609,0.7253930568695068
1000,0.6,homogeneous,learned,dr,lgbm,4,0.41430308783049796,0.3,0.11430308783049797,2.046872138977051
1000,0.6,homogeneous,learned,dr,linear,4,0.36940529164451574,0.3,0.06940529164451575,0.012111186981201172
1000,0.6,homogeneous,learned,tlearner,lgbm,4,0.3735635400242097,0.3,0.07356354002420973,0.6482911109924316
1000,0.6,homogeneous,raw,dr,lgbm,5,1.2023437160882566,0.3,0.9023437160882566,2.608513116836548
1000,0.6,homogeneous,raw,dr,linear,5,1.0785026092163295,0.3,0.7785026092163294,0.1338810920715332
1000,0.6,homogeneous,raw,tlearner,lgbm,5,0.4287910685716634,0.3,0.1287910685716634,0.7567179203033447
1000,0.6,homogeneous,concept,dr,lgbm,5,0.4557017616253931,0.3,0.15570176162539312,2.131289005279541
1000,0.6,homogeneous,concept,dr,linear,5,0.4574541471816278,0.3,0.1574541471816278,0.012761116027832031
1000,0.6,homogeneous,concept,tlearner,lgbm,5,0.4521510325752772,0.3,0.15215103257527723,0.727243185043335
1000,0.6,homogeneous,learned,dr,lgbm,5,0.5222986312285578,0.3,0.2222986312285578,2.0275399684906006
1000,0.6,homogeneous,learned,dr,linear,5,0.4903753035297795,0.3,0.1903753035297795,0.012082099914550781
1000,0.6,homogeneous,learned,tlearner,lgbm,5,0.4145290731264229,0.3,0.11452907312642291,0.6335418224334717
1000,0.6,homogeneous,raw,dr,lgbm,6,1.357854989474783,0.3,1.0578549894747828,2.6437571048736572
1000,0.6,homogeneous,raw,dr,linear,6,1.0207020655446457,0.3,0.7207020655446457,0.13492298126220703
1000,0.6,homogeneous,raw,tlearner,lgbm,6,0.4132501752187608,0.3,0.1132501752187608,0.7741010189056396
1000,0.6,homogeneous,concept,dr,lgbm,6,0.5179858705786734,0.3,0.2179858705786734,2.0370092391967773
1000,0.6,homogeneous,concept,dr,linear,6,0.5002650402644396,0.3,0.20026504026443964,0.012549161911010742
1000,0.6,homogeneous,concept,tlearner,lgbm,6,0.48971316059718467,0.3,0.18971316059718468,0.7063732147216797
1000,0.6,homogeneous,learned,dr,lgbm,6,0.4926481278521991,0.3,0.1926481278521991,1.9603347778320312
1000,0.6,homogeneous,learned,dr,linear,6,0.6887834481938677,0.3,0.38878344819386773,0.012199878692626953
1000,0.6,homogeneous,learned,tlearner,lgbm,6,0.46700421261794395,0.3,0.16700421261794396,0.6324491500854492
1000,0.6,homogeneous,raw,dr,lgbm,7,0.9351146278134324,0.3,0.6351146278134323,2.533156156539917
1000,0.6,homogeneous,raw,dr,linear,7,1.03622154775678,0.3,0.73622154775678,0.1346430778503418
1000,0.6,homogeneous,raw,tlearner,lgbm,7,0.390393550260832,0.3,0.09039355026083201,0.7683892250061035
1000,0.6,homogeneous,concept,dr,lgbm,7,0.4008410440699765,0.3,0.10084104406997652,2.0214526653289795
1000,0.6,homogeneous,concept,dr,linear,7,0.40887748643732974,0.3,0.10887748643732975,0.012759208679199219
1000,0.6,homogeneous,concept,tlearner,lgbm,7,0.42590998964502547,0.3,0.12590998964502548,0.7018139362335205
1000,0.6,homogeneous,learned,dr,lgbm,7,0.45106232840841476,0.3,0.15106232840841477,1.906106948852539
1000,0.6,homogeneous,learned,dr,linear,7,0.4364244663446342,0.3,0.13642446634463423,0.011822223663330078
1000,0.6,homogeneous,learned,tlearner,lgbm,7,0.39334239334872073,0.3,0.09334239334872074,0.6368720531463623
1000,0.6,homogeneous,raw,dr,lgbm,8,0.3275059894380573,0.3,0.02750598943805732,2.6390671730041504
1000,0.6,homogeneous,raw,dr,linear,8,-0.050950100872399345,0.3,0.3509501008723993,0.13487005233764648
1000,0.6,homogeneous,raw,tlearner,lgbm,8,0.35627178413947524,0.3,0.056271784139475256,0.7724032402038574
1000,0.6,homogeneous,concept,dr,lgbm,8,0.41286072770802273,0.3,0.11286072770802275,1.9844460487365723
1000,0.6,homogeneous,concept,dr,linear,8,0.3980635328811702,0.3,0.0980635328811702,0.012979269027709961
1000,0.6,homogeneous,concept,tlearner,lgbm,8,0.40118531929283247,0.3,0.10118531929283248,0.7062957286834717
1000,0.6,homogeneous,learned,dr,lgbm,8,0.4045579529790621,0.3,0.10455795297906212,1.8935251235961914
1000,0.6,homogeneous,learned,dr,linear,8,0.36924860847694685,0.3,0.06924860847694686,0.012133121490478516
1000,0.6,homogeneous,learned,tlearner,lgbm,8,0.4498359898316786,0.3,0.14983598983167862,0.6391949653625488
1000,0.6,homogeneous,raw,dr,lgbm,9,0.7513118548059025,0.3,0.45131185480590247,2.6903529167175293
1000,0.6,homogeneous,raw,dr,linear,9,1.1648754918133306,0.3,0.8648754918133306,0.13222384452819824
1000,0.6,homogeneous,raw,tlearner,lgbm,9,0.3846629014422999,0.3,0.08466290144229993,0.7781162261962891
1000,0.6,homogeneous,concept,dr,lgbm,9,0.45069722204088264,0.3,0.15069722204088265,2.164263963699341
1000,0.6,homogeneous,concept,dr,linear,9,0.4543086108980178,0.3,0.15430861089801778,0.01288914680480957
1000,0.6,homogeneous,concept,tlearner,lgbm,9,0.40554888776579456,0.3,0.10554888776579457,0.7469298839569092
1000,0.6,homogeneous,learned,dr,lgbm,9,0.4012513649700834,0.3,0.10125136497008341,1.9049153327941895
1000,0.6,homogeneous,learned,dr,linear,9,0.3634652539319961,0.3,0.06346525393199609,0.011924028396606445
1000,0.6,homogeneous,learned,tlearner,lgbm,9,0.4747507366620696,0.3,0.17475073666206958,0.6427137851715088
2000,0.6,homogeneous,raw,dr,lgbm,0,0.6402327771347484,0.3,0.34023277713474837,3.2379448413848877
2000,0.6,homogeneous,raw,dr,linear,0,0.34501808539599704,0.3,0.045018085395997054,0.27506399154663086
2000,0.6,homogeneous,raw,tlearner,lgbm,0,0.3594067725648291,0.3,0.059406772564829124,1.0292737483978271
2000,0.6,homogeneous,concept,dr,lgbm,0,0.44300538169533143,0.3,0.14300538169533145,2.6002249717712402
2000,0.6,homogeneous,concept,dr,linear,0,0.44632253587659915,0.3,0.14632253587659916,0.015633344650268555
2000,0.6,homogeneous,concept,tlearner,lgbm,0,0.4245963104299173,0.3,0.12459631042991731,0.9260759353637695
2000,0.6,homogeneous,learned,dr,lgbm,0,0.44769954339721385,0.3,0.14769954339721386,2.5175511837005615
2000,0.6,homogeneous,learned,dr,linear,0,0.45719272537579586,0.3,0.15719272537579587,0.014536142349243164
2000,0.6,homogeneous,learned,tlearner,lgbm,0,0.4537186166331117,0.3,0.1537186166331117,0.8104150295257568
2000,0.6,homogeneous,raw,dr,lgbm,1,0.9058399207701053,0.3,0.6058399207701053,3.3027520179748535
2000,0.6,homogeneous,raw,dr,linear,1,0.8337619173659608,0.3,0.5337619173659609,0.26729702949523926
2000,0.6,homogeneous,raw,tlearner,lgbm,1,0.3615794050562688,0.3,0.0615794050562688,1.090014934539795
2000,0.6,homogeneous,concept,dr,lgbm,1,0.42574623982238585,0.3,0.12574623982238586,2.6376190185546875
2000,0.6,homogeneous,concept,dr,linear,1,0.4089368128425002,0.3,0.10893681284250023,0.014971017837524414
2000,0.6,homogeneous,concept,tlearner,lgbm,1,0.4160353604683376,0.3,0.11603536046833762,0.8414609432220459
2000,0.6,homogeneous,learned,dr,lgbm,1,0.3518632018707358,0.3,0.05186320187073579,2.427856206893921
2000,0.6,homogeneous,learned,dr,linear,1,0.34591519096386975,0.3,0.045915190963869756,0.014705896377563477
2000,0.6,homogeneous,learned,tlearner,lgbm,1,0.36705920415102344,0.3,0.06705920415102345,0.8204021453857422
2000,0.6,homogeneous,raw,dr,lgbm,2,0.6792743403968727,0.3,0.37927434039687274,3.301467180252075
2000,0.6,homogeneous,raw,dr,linear,2,0.17658312543645396,0.3,0.12341687456354603,0.2694220542907715
2000,0.6,homogeneous,raw,tlearner,lgbm,2,0.4342891090225841,0.3,0.13428910902258412,1.0424919128417969
2000,0.6,homogeneous,concept,dr,lgbm,2,0.44817649145185245,0.3,0.14817649145185247,2.6293840408325195
2000,0.6,homogeneous,concept,dr,linear,2,0.4578671983382618,0.3,0.1578671983382618,0.014899969100952148
2000,0.6,homogeneous,concept,tlearner,lgbm,2,0.4513999085004917,0.3,0.15139990850049173,0.8864951133728027
2000,0.6,homogeneous,learned,dr,lgbm,2,0.4651654267840598,0.3,0.16516542678405982,2.550788164138794
2000,0.6,homogeneous,learned,dr,linear,2,0.4670262022662746,0.3,0.16702620226627463,0.014316082000732422
2000,0.6,homogeneous,learned,tlearner,lgbm,2,0.4681879118589739,0.3,0.16818791185897392,0.8548521995544434
2000,0.6,homogeneous,raw,dr,lgbm,3,0.7951982913493154,0.3,0.4951982913493154,3.2656989097595215
2000,0.6,homogeneous,raw,dr,linear,3,0.8011094070870032,0.3,0.5011094070870032,0.2742640972137451
2000,0.6,homogeneous,raw,tlearner,lgbm,3,0.45116988024218846,0.3,0.15116988024218847,0.9909999370574951
2000,0.6,homogeneous,concept,dr,lgbm,3,0.5095446722327733,0.3,0.20954467223277334,2.597872018814087
2000,0.6,homogeneous,concept,dr,linear,3,0.49192221812245396,0.3,0.19192221812245397,0.015204191207885742
2000,0.6,homogeneous,concept,tlearner,lgbm,3,0.5010660799786719,0.3,0.20106607997867193,0.8540022373199463
2000,0.6,homogeneous,learned,dr,lgbm,3,0.4566595543878688,0.3,0.15665955438786883,2.5433273315429688
2000,0.6,homogeneous,learned,dr,linear,3,0.47864043972516934,0.3,0.17864043972516935,0.01484990119934082
2000,0.6,homogeneous,learned,tlearner,lgbm,3,0.4832340922671631,0.3,0.18323409226716308,0.8376939296722412
2000,0.6,homogeneous,raw,dr,lgbm,4,0.423816670519014,0.3,0.12381667051901402,3.2899279594421387
2000,0.6,homogeneous,raw,dr,linear,4,-0.07128883343538216,0.3,0.37128883343538216,0.270704984664917
2000,0.6,homogeneous,raw,tlearner,lgbm,4,0.3675407688896443,0.3,0.06754076888964433,1.0186588764190674
2000,0.6,homogeneous,concept,dr,lgbm,4,0.46926558060933826,0.3,0.16926558060933827,2.547034978866577
2000,0.6,homogeneous,concept,dr,linear,4,0.41811566469485556,0.3,0.11811566469485557,0.015175819396972656
2000,0.6,homogeneous,concept,tlearner,lgbm,4,0.4228924766695786,0.3,0.12289247666957859,0.8688068389892578
2000,0.6,homogeneous,learned,dr,lgbm,4,0.39407534052650256,0.3,0.09407534052650257,2.506381034851074
2000,0.6,homogeneous,learned,dr,linear,4,0.4119006752787247,0.3,0.11190067527872471,0.014193296432495117
2000,0.6,homogeneous,learned,tlearner,lgbm,4,0.4032589118208202,0.3,0.1032589118208202,0.8349289894104004
2000,0.6,homogeneous,raw,dr,lgbm,5,0.535245671023804,0.3,0.23524567102380406,3.2146530151367188
2000,0.6,homogeneous,raw,dr,linear,5,0.6952999741103834,0.3,0.39529997411038337,0.27802419662475586
2000,0.6,homogeneous,raw,tlearner,lgbm,5,0.440435221700308,0.3,0.14043522170030803,1.0376248359680176
2000,0.6,homogeneous,concept,dr,lgbm,5,0.4756025813910132,0.3,0.1756025813910132,2.603228807449341
2000,0.6,homogeneous,concept,dr,linear,5,0.46456567167141904,0.3,0.16456567167141906,0.015198945999145508
2000,0.6,homogeneous,concept,tlearner,lgbm,5,0.47670161230591085,0.3,0.17670161230591086,0.8492038249969482
2000,0.6,homogeneous,learned,dr,lgbm,5,0.48254637895007896,0.3,0.18254637895007897,2.546143054962158
2000,0.6,homogeneous,learned,dr,linear,5,0.4774038309176665,0.3,0.17740383091766654,0.013843297958374023
2000,0.6,homogeneous,learned,tlearner,lgbm,5,0.48119715846882294,0.3,0.18119715846882295,0.8147079944610596
2000,0.6,homogeneous,raw,dr,lgbm,6,0.7746481163115473,0.3,0.4746481163115473,3.2831778526306152
2000,0.6,homogeneous,raw,dr,linear,6,0.36017123856396754,0.3,0.060171238563967555,0.2749817371368408
2000,0.6,homogeneous,raw,tlearner,lgbm,6,0.3750001197760838,0.3,0.07500011977608378,1.0657362937927246
2000,0.6,homogeneous,concept,dr,lgbm,6,0.4749214320875149,0.3,0.17492143208751493,2.7487916946411133
2000,0.6,homogeneous,concept,dr,linear,6,0.43926078789333334,0.3,0.13926078789333335,0.014978647232055664
2000,0.6,homogeneous,concept,tlearner,lgbm,6,0.44633915735681035,0.3,0.14633915735681036,0.9038970470428467
2000,0.6,homogeneous,learned,dr,lgbm,6,0.37687413155960625,0.3,0.07687413155960626,2.453011989593506
2000,0.6,homogeneous,learned,dr,linear,6,0.39854143742636944,0.3,0.09854143742636945,0.01407003402709961
2000,0.6,homogeneous,learned,tlearner,lgbm,6,0.4101639643396837,0.3,0.11016396433968373,0.8156979084014893
2000,0.6,homogeneous,raw,dr,lgbm,7,0.5141914199951686,0.3,0.2141914199951686,3.1952991485595703
2000,0.6,homogeneous,raw,dr,linear,7,0.8355464628429473,0.3,0.5355464628429474,0.2688100337982178
2000,0.6,homogeneous,raw,tlearner,lgbm,7,0.4137622595101567,0.3,0.11376225951015673,1.0204412937164307
2000,0.6,homogeneous,concept,dr,lgbm,7,0.4443985676641539,0.3,0.14439856766415393,2.5528740882873535
2000,0.6,homogeneous,concept,dr,linear,7,0.43646626605769656,0.3,0.13646626605769657,0.014791011810302734
2000,0.6,homogeneous,concept,tlearner,lgbm,7,0.44021666202944226,0.3,0.14021666202944227,0.8412759304046631
2000,0.6,homogeneous,learned,dr,lgbm,7,0.4266258850673118,0.3,0.12662588506731182,2.5750021934509277
2000,0.6,homogeneous,learned,dr,linear,7,0.5184192172223857,0.3,0.21841921722238572,0.01392364501953125
2000,0.6,homogeneous,learned,tlearner,lgbm,7,0.40796455385220626,0.3,0.10796455385220627,0.8106942176818848
2000,0.6,homogeneous,raw,dr,lgbm,8,0.29837978050788977,0.3,0.0016202194921102198,3.1426382064819336
2000,0.6,homogeneous,raw,dr,linear,8,-0.0889158366350253,0.3,0.38891583663502527,0.27734827995300293
2000,0.6,homogeneous,raw,tlearner,lgbm,8,0.36292827942706507,0.3,0.06292827942706508,1.0387251377105713
2000,0.6,homogeneous,concept,dr,lgbm,8,0.4465664906022007,0.3,0.14656649060220073,2.585237979888916
2000,0.6,homogeneous,concept,dr,linear,8,0.44023271653773854,0.3,0.14023271653773856,0.015165328979492188
2000,0.6,homogeneous,concept,tlearner,lgbm,8,0.427587559351672,0.3,0.127587559351672,0.8667159080505371
2000,0.6,homogeneous,learned,dr,lgbm,8,0.41728692845539134,0.3,0.11728692845539135,2.536919116973877
2000,0.6,homogeneous,learned,dr,linear,8,0.4212557062738936,0.3,0.1212557062738936,0.014600753784179688
2000,0.6,homogeneous,learned,tlearner,lgbm,8,0.42775302140548094,0.3,0.12775302140548095,0.8397829532623291
2000,0.6,homogeneous,raw,dr,lgbm,9,0.04696627086456621,0.3,0.25303372913543376,3.236806869506836
2000,0.6,homogeneous,raw,dr,linear,9,-0.49287956539748634,0.3,0.7928795653974863,0.2721710205078125
2000,0.6,homogeneous,raw,tlearner,lgbm,9,0.40966421967516853,0.3,0.10966421967516854,1.0643188953399658
2000,0.6,homogeneous,concept,dr,lgbm,9,0.4735730176140448,0.3,0.1735730176140448,2.6678967475891113
2000,0.6,homogeneous,concept,dr,linear,9,0.47171121466427945,0.3,0.17171121466427947,0.01503896713256836
2000,0.6,homogeneous,concept,tlearner,lgbm,9,0.4676895342894933,0.3,0.1676895342894933,0.8890419006347656
2000,0.6,homogeneous,learned,dr,lgbm,9,0.47379311977190186,0.3,0.17379311977190187,2.621081829071045
2000,0.6,homogeneous,learned,dr,linear,9,0.3388512713943547,0.3,0.038851271394354736,0.014622926712036133
2000,0.6,homogeneous,learned,tlearner,lgbm,9,0.45043029800127,0.3,0.15043029800127,0.8450849056243896
5000,0.6,homogeneous,raw,dr,lgbm,0,0.4546510201758619,0.3,0.1546510201758619,3.843014717102051
5000,0.6,homogeneous,raw,dr,linear,0,0.32351879030933206,0.3,0.02351879030933207,0.6154000759124756
5000,0.6,homogeneous,raw,tlearner,lgbm,0,0.39953415042866935,0.3,0.09953415042866937,1.271740198135376
5000,0.6,homogeneous,concept,dr,lgbm,0,0.4463258491769919,0.3,0.14632584917699193,3.1381661891937256
5000,0.6,homogeneous,concept,dr,linear,0,0.4488761689508886,0.3,0.14887616895088862,0.021862268447875977
5000,0.6,homogeneous,concept,tlearner,lgbm,0,0.4423859869854957,0.3,0.1423859869854957,1.1027112007141113
5000,0.6,homogeneous,learned,dr,lgbm,0,0.4800513475016995,0.3,0.1800513475016995,2.967834234237671
5000,0.6,homogeneous,learned,dr,linear,0,0.4762129167431484,0.3,0.17621291674314843,0.021162033081054688
5000,0.6,homogeneous,learned,tlearner,lgbm,0,0.4675166081972745,0.3,0.16751660819727449,1.0360209941864014
5000,0.6,homogeneous,raw,dr,lgbm,1,0.5010009073038701,0.3,0.20100090730387016,3.9164187908172607
5000,0.6,homogeneous,raw,dr,linear,1,0.40306962993261924,0.3,0.10306962993261926,0.6205408573150635
5000,0.6,homogeneous,raw,tlearner,lgbm,1,0.40359149472824296,0.3,0.10359149472824297,1.254856824874878
5000,0.6,homogeneous,concept,dr,lgbm,1,0.4543017621561045,0.3,0.15430176215610453,3.1104729175567627
5000,0.6,homogeneous,concept,dr,linear,1,0.4507634237579505,0.3,0.1507634237579505,0.02210092544555664
5000,0.6,homogeneous,concept,tlearner,lgbm,1,0.4497576009163972,0.3,0.14975760091639723,1.0893020629882812
5000,0.6,homogeneous,learned,dr,lgbm,1,0.44539632884843805,0.3,0.14539632884843806,3.0736658573150635
5000,0.6,homogeneous,learned,dr,linear,1,0.4360516125203705,0.3,0.1360516125203705,0.02137899398803711
5000,0.6,homogeneous,learned,tlearner,lgbm,1,0.44371207185950445,0.3,0.14371207185950446,1.040343999862671
5000,0.6,homogeneous,raw,dr,lgbm,2,0.32957737413372695,0.3,0.029577374133726964,3.921586036682129
5000,0.6,homogeneous,raw,dr,linear,2,0.25409947452339643,0.3,0.04590052547660356,0.5944068431854248
5000,0.6,homogeneous,raw,tlearner,lgbm,2,0.38278304902427474,0.3,0.08278304902427475,1.2578678131103516
5000,0.6,homogeneous,concept,dr,lgbm,2,0.4393720135879333,0.3,0.13937201358793333,3.248105049133301
5000,0.6,homogeneous,concept,dr,linear,2,0.4302108955789835,0.3,0.13021089557898352,0.021636247634887695
5000,0.6,homogeneous,concept,tlearner,lgbm,2,0.42490102126152307,0.3,0.12490102126152308,1.1431100368499756
5000,0.6,homogeneous,learned,dr,lgbm,2,0.41023621127255555,0.3,0.11023621127255556,3.0469472408294678
5000,0.6,homogeneous,learned,dr,linear,2,0.42973255178627057,0.3,0.12973255178627058,0.021183013916015625
5000,0.6,homogeneous,learned,tlearner,lgbm,2,0.41714450188854346,0.3,0.11714450188854347,1.032715082168579
5000,0.6,homogeneous,raw,dr,lgbm,3,0.6535904089203134,0.3,0.3535904089203134,3.813814878463745
5000,0.6,homogeneous,raw,dr,linear,3,0.6046832478968189,0.3,0.30468324789681894,0.6133089065551758
5000,0.6,homogeneous,raw,tlearner,lgbm,3,0.4109389803355768,0.3,0.11093898033557681,1.2357618808746338
5000,0.6,homogeneous,concept,dr,lgbm,3,0.46561732722906674,0.3,0.16561732722906675,3.1866111755371094
5000,0.6,homogeneous,concept,dr,linear,3,0.4591028930511687,0.3,0.1591028930511687,0.021816015243530273
5000,0.6,homogeneous,concept,tlearner,lgbm,3,0.46423650398684324,0.3,0.16423650398684325,1.0952398777008057
5000,0.6,homogeneous,learned,dr,lgbm,3,0.44216858523942376,0.3,0.14216858523942377,3.0752861499786377
5000,0.6,homogeneous,learned,dr,linear,3,0.44052507629090104,0.3,0.14052507629090105,0.020837068557739258
5000,0.6,homogeneous,learned,tlearner,lgbm,3,0.45019670857387156,0.3,0.15019670857387157,1.0502703189849854
5000,0.6,homogeneous,raw,dr,lgbm,4,0.3005068176317307,0.3,0.000506817631730716,3.8928720951080322
5000,0.6,homogeneous,raw,dr,linear,4,0.2476487463665006,0.3,0.05235125363349938,0.6082830429077148
5000,0.6,homogeneous,raw,tlearner,lgbm,4,0.4046416166169306,0.3,0.10464161661693061,1.224147081375122
5000,0.6,homogeneous,concept,dr,lgbm,4,0.4703466380449978,0.3,0.17034663804499783,3.2852630615234375
5000,0.6,homogeneous,concept,dr,linear,4,0.45579763565634585,0.3,0.15579763565634586,0.02230095863342285
5000,0.6,homogeneous,concept,tlearner,lgbm,4,0.45102109874673124,0.3,0.15102109874673125,1.1658201217651367
5000,0.6,homogeneous,learned,dr,lgbm,4,0.49285274361893155,0.3,0.19285274361893157,2.994572877883911
5000,0.6,homogeneous,learned,dr,linear,4,0.47625218525658747,0.3,0.17625218525658748,0.021428346633911133
5000,0.6,homogeneous,learned,tlearner,lgbm,4,0.4517421086185173,0.3,0.15174210861851734,1.0791380405426025
5000,0.6,homogeneous,raw,dr,lgbm,5,0.5366648391562745,0.3,0.2366648391562745,3.900451898574829
5000,0.6,homogeneous,raw,dr,linear,5,0.46112636613146496,0.3,0.16112636613146497,0.6428170204162598
5000,0.6,homogeneous,raw,tlearner,lgbm,5,0.4173153883013672,0.3,0.11731538830136723,1.2680790424346924
5000,0.6,homogeneous,concept,dr,lgbm,5,0.4708205605044551,0.3,0.1708205605044551,3.15741229057312
5000,0.6,homogeneous,concept,dr,linear,5,0.46192228976803124,0.3,0.16192228976803125,0.021910905838012695
5000,0.6,homogeneous,concept,tlearner,lgbm,5,0.4652280578888505,0.3,0.16522805788885053,1.1473009586334229
5000,0.6,homogeneous,learned,dr,lgbm,5,0.4434062912737986,0.3,0.14340629127379861,3.010739803314209
5000,0.6,homogeneous,learned,dr,linear,5,0.4412545184320544,0.3,0.1412545184320544,0.02157115936279297
5000,0.6,homogeneous,learned,tlearner,lgbm,5,0.44749718703516317,0.3,0.14749718703516318,1.0186400413513184
5000,0.6,homogeneous,raw,dr,lgbm,6,0.434036867003812,0.3,0.134036867003812,4.007428884506226
5000,0.6,homogeneous,raw,dr,linear,6,0.4154918665945153,0.3,0.11549186659451532,0.6117749214172363
5000,0.6,homogeneous,raw,tlearner,lgbm,6,0.4014420335477588,0.3,0.10144203354775883,1.275726079940796
5000,0.6,homogeneous,concept,dr,lgbm,6,0.4566694614352959,0.3,0.15666946143529592,3.2786078453063965
5000,0.6,homogeneous,concept,dr,linear,6,0.44784650531979925,0.3,0.14784650531979926,0.02190995216369629
5000,0.6,homogeneous,concept,tlearner,lgbm,6,0.4470410132189283,0.3,0.14704101321892832,1.1735389232635498
5000,0.6,homogeneous,learned,dr,lgbm,6,0.45751558572278117,0.3,0.15751558572278118,2.894031047821045
5000,0.6,homogeneous,learned,dr,linear,6,0.4536159138891537,0.3,0.1536159138891537,0.02113485336303711
5000,0.6,homogeneous,learned,tlearner,lgbm,6,0.4526189772721161,0.3,0.1526189772721161,1.0134468078613281
5000,0.6,homogeneous,raw,dr,lgbm,7,0.462852172998898,0.3,0.16285217299889804,3.874242067337036
5000,0.6,homogeneous,raw,dr,linear,7,0.3906634558757035,0.3,0.09066345587570351,0.6193721294403076
5000,0.6,homogeneous,raw,tlearner,lgbm,7,0.3841979379667028,0.3,0.08419793796670283,1.2912359237670898
5000,0.6,homogeneous,concept,dr,lgbm,7,0.4538457289448715,0.3,0.15384572894487153,3.191481828689575
5000,0.6,homogeneous,concept,dr,linear,7,0.43859328028789124,0.3,0.13859328028789125,0.022162199020385742
5000,0.6,homogeneous,concept,tlearner,lgbm,7,0.4470414955387999,0.3,0.14704149553879992,1.158797025680542
5000,0.6,homogeneous,learned,dr,lgbm,7,0.4171795644804811,0.3,0.11717956448048111,2.998100996017456
5000,0.6,homogeneous,learned,dr,linear,7,0.42345570907066704,0.3,0.12345570907066705,0.02261185646057129
5000,0.6,homogeneous,learned,tlearner,lgbm,7,0.4147723457766366,0.3,0.11477234577663659,1.0685758590698242
5000,0.6,homogeneous,raw,dr,lgbm,8,0.41504538388676404,0.3,0.11504538388676405,4.032940149307251
5000,0.6,homogeneous,raw,dr,linear,8,0.2946582447320493,0.3,0.005341755267950665,0.6040830612182617
5000,0.6,homogeneous,raw,tlearner,lgbm,8,0.37099778955529567,0.3,0.07099778955529568,1.2744061946868896
5000,0.6,homogeneous,concept,dr,lgbm,8,0.44576727940926514,0.3,0.14576727940926515,3.0222437381744385
5000,0.6,homogeneous,concept,dr,linear,8,0.4327820917461268,0.3,0.13278209174612682,0.022258281707763672
5000,0.6,homogeneous,concept,tlearner,lgbm,8,0.42491229565031646,0.3,0.12491229565031647,1.1241731643676758
5000,0.6,homogeneous,learned,dr,lgbm,8,0.4253619728951353,0.3,0.1253619728951353,2.958735227584839
5000,0.6,homogeneous,learned,dr,linear,8,0.41006975352938935,0.3,0.11006975352938936,0.021418094635009766
5000,0.6,homogeneous,learned,tlearner,lgbm,8,0.41898349302739496,0.3,0.11898349302739497,1.0630500316619873
5000,0.6,homogeneous,raw,dr,lgbm,9,0.24100551331137052,0.3,0.05899448668862947,3.9781103134155273
5000,0.6,homogeneous,raw,dr,linear,9,0.14823036489754837,0.3,0.15176963510245162,0.6263890266418457
5000,0.6,homogeneous,raw,tlearner,lgbm,9,0.3969089878216022,0.3,0.09690898782160223,1.2733070850372314
5000,0.6,homogeneous,concept,dr,lgbm,9,0.4686276490705757,0.3,0.1686276490705757,3.372396945953369
5000,0.6,homogeneous,concept,dr,linear,9,0.4568625676504337,0.3,0.15686256765043372,0.02287578582763672
5000,0.6,homogeneous,concept,tlearner,lgbm,9,0.45351741935356077,0.3,0.15351741935356078,1.1999549865722656
5000,0.6,homogeneous,learned,dr,lgbm,9,0.42422342809248853,0.3,0.12422342809248854,2.882524251937866
5000,0.6,homogeneous,learned,dr,linear,9,0.4309201564680359,0.3,0.1309201564680359,0.021112918853759766
5000,0.6,homogeneous,learned,tlearner,lgbm,9,0.42595624534816945,0.3,0.12595624534816946,0.9851768016815186
10000,0.6,homogeneous,raw,dr,lgbm,0,0.40167514157936773,0.3,0.10167514157936774,4.745044946670532
10000,0.6,homogeneous,raw,dr,linear,0,0.3824101972700792,0.3,0.0824101972700792,1.134002923965454
10000,0.6,homogeneous,raw,tlearner,lgbm,0,0.39034679880018364,0.3,0.09034679880018365,1.3662159442901611
10000,0.6,homogeneous,concept,dr,lgbm,0,0.4410484292599033,0.3,0.1410484292599033,3.599738121032715
10000,0.6,homogeneous,concept,dr,linear,0,0.4376849743169786,0.3,0.13768497431697863,0.03188490867614746
10000,0.6,homogeneous,concept,tlearner,lgbm,0,0.4333129232024665,0.3,0.13331292320246652,1.3168351650238037
10000,0.6,homogeneous,learned,dr,lgbm,0,0.4336494794363419,0.3,0.13364947943634192,3.2834718227386475
10000,0.6,homogeneous,learned,dr,linear,0,0.43305617409470765,0.3,0.13305617409470766,0.03259396553039551
10000,0.6,homogeneous,learned,tlearner,lgbm,0,0.4325811837760353,0.3,0.13258118377603534,1.16975998878479
10000,0.6,homogeneous,raw,dr,lgbm,1,0.4569511521652054,0.3,0.1569511521652054,4.743998050689697
10000,0.6,homogeneous,raw,dr,linear,1,0.40752249942906366,0.3,0.10752249942906367,1.229551076889038
10000,0.6,homogeneous,raw,tlearner,lgbm,1,0.40696799064262595,0.3,0.10696799064262597,1.4088881015777588
10000,0.6,homogeneous,concept,dr,lgbm,1,0.45489404297996633,0.3,0.15489404297996634,3.5726678371429443
10000,0.6,homogeneous,concept,dr,linear,1,0.44632888663563436,0.3,0.14632888663563437,0.03270912170410156
10000,0.6,homogeneous,concept,tlearner,lgbm,1,0.4542522805294735,0.3,0.15425228052947348,1.3040378093719482
10000,0.6,homogeneous,learned,dr,lgbm,1,0.4429115892769749,0.3,0.1429115892769749,3.3174188137054443
10000,0.6,homogeneous,learned,dr,linear,1,0.4359721796579308,0.3,0.1359721796579308,0.0321049690246582
10000,0.6,homogeneous,learned,tlearner,lgbm,1,0.44274729326648404,0.3,0.14274729326648405,1.144031286239624
10000,0.6,homogeneous,raw,dr,lgbm,2,0.3795201193861908,0.3,0.0795201193861908,4.73046088218689
10000,0.6,homogeneous,raw,dr,linear,2,0.39661603644520815,0.3,0.09661603644520816,1.1051421165466309
10000,0.6,homogeneous,raw,tlearner,lgbm,2,0.40189349012963876,0.3,0.10189349012963878,1.4064691066741943
10000,0.6,homogeneous,concept,dr,lgbm,2,0.4467053911445415,0.3,0.1467053911445415,3.648214101791382
10000,0.6,homogeneous,concept,dr,linear,2,0.4421614932196591,0.3,0.1421614932196591,0.03245902061462402
10000,0.6,homogeneous,concept,tlearner,lgbm,2,0.4399965599965153,0.3,0.13999655999651534,1.2732219696044922
10000,0.6,homogeneous,learned,dr,lgbm,2,0.4539705382087968,0.3,0.1539705382087968,3.354801893234253
10000,0.6,homogeneous,learned,dr,linear,2,0.45958889625359917,0.3,0.15958889625359918,0.03267312049865723
10000,0.6,homogeneous,learned,tlearner,lgbm,2,0.4484391399192997,0.3,0.1484391399192997,1.2183539867401123
10000,0.6,homogeneous,raw,dr,lgbm,3,0.4492955435630739,0.3,0.1492955435630739,4.813478708267212
10000,0.6,homogeneous,raw,dr,linear,3,0.44242141944144603,0.3,0.14242141944144604,1.1246039867401123
10000,0.6,homogeneous,raw,tlearner,lgbm,3,0.4286374525653545,0.3,0.12863745256535453,1.3966619968414307
10000,0.6,homogeneous,concept,dr,lgbm,3,0.46776035942395255,0.3,0.16776035942395257,3.610203266143799
10000,0.6,homogeneous,concept,dr,linear,3,0.46299205269218274,0.3,0.16299205269218275,0.03217625617980957
10000,0.6,homogeneous,concept,tlearner,lgbm,3,0.46615973550190026,0.3,0.16615973550190027,1.2771897315979004
10000,0.6,homogeneous,learned,dr,lgbm,3,0.4639889267775454,0.3,0.1639889267775454,3.3763158321380615
10000,0.6,homogeneous,learned,dr,linear,3,0.4658457964821612,0.3,0.1658457964821612,0.03271985054016113
10000,0.6,homogeneous,learned,tlearner,lgbm,3,0.46417370720549944,0.3,0.16417370720549945,1.1657960414886475
10000,0.6,homogeneous,raw,dr,lgbm,4,0.4176144117014535,0.3,0.11761441170145354,4.883831024169922
10000,0.6,homogeneous,raw,dr,linear,4,0.4119064871435173,0.3,0.11190648714351731,1.2158770561218262
10000,0.6,homogeneous,raw,tlearner,lgbm,4,0.4131307011615207,0.3,0.11313070116152069,1.385533094406128
10000,0.6,homogeneous,concept,dr,lgbm,4,0.4572061668560861,0.3,0.15720616685608613,3.645350933074951
10000,0.6,homogeneous,concept,dr,linear,4,0.4536087794138136,0.3,0.15360877941381362,0.03253984451293945
10000,0.6,homogeneous,concept,tlearner,lgbm,4,0.450539726007045,0.3,0.15053972600704502,1.33260178565979
10000,0.6,homogeneous,learned,dr,lgbm,4,0.444767886471326,0.3,0.144767886471326,3.3691699504852295
10000,0.6,homogeneous,learned,dr,linear,4,0.4542581134592928,0.3,0.1542581134592928,0.032772064208984375
10000,0.6,homogeneous,learned,tlearner,lgbm,4,0.44768519771867066,0.3,0.14768519771867067,1.1549975872039795
10000,0.6,homogeneous,raw,dr,lgbm,5,0.46437937346226993,0.3,0.16437937346226994,4.9402501583099365
10000,0.6,homogeneous,raw,dr,linear,5,0.47015692204293597,0.3,0.17015692204293598,1.1297180652618408
10000,0.6,homogeneous,raw,tlearner,lgbm,5,0.3959309117036341,0.3,0.0959309117036341,1.4216220378875732
10000,0.6,homogeneous,concept,dr,lgbm,5,0.45733267761384894,0.3,0.15733267761384895,3.5833311080932617
10000,0.6,homogeneous,concept,dr,linear,5,0.4498783472423003,0.3,0.1498783472423003,0.032447099685668945
10000,0.6,homogeneous,concept,tlearner,lgbm,5,0.44945444951678626,0.3,0.14945444951678627,1.27988600730896
10000,0.6,homogeneous,learned,dr,lgbm,5,0.4219191678768079,0.3,0.1219191678768079,3.349426746368408
10000,0.6,homogeneous,learned,dr,linear,5,0.4130889429508395,0.3,0.11308894295083949,0.03203082084655762
10000,0.6,homogeneous,learned,tlearner,lgbm,5,0.41651095369188845,0.3,0.11651095369188846,1.1417198181152344
10000,0.6,homogeneous,raw,dr,lgbm,6,0.39108704863854693,0.3,0.09108704863854694,4.917363166809082
10000,0.6,homogeneous,raw,dr,linear,6,0.4049508006818321,0.3,0.1049508006818321,1.1641721725463867
10000,0.6,homogeneous,raw,tlearner,lgbm,6,0.39663014891273835,0.3,0.09663014891273836,1.4745631217956543
10000,0.6,homogeneous,concept,dr,lgbm,6,0.4629345023851824,0.3,0.16293450238518242,3.524582862854004
10000,0.6,homogeneous,concept,dr,linear,6,0.45036113637041125,0.3,0.15036113637041126,0.03274798393249512
10000,0.6,homogeneous,concept,tlearner,lgbm,6,0.4505438388553612,0.3,0.1505438388553612,1.2668981552124023
10000,0.6,homogeneous,learned,dr,lgbm,6,0.4376640956550823,0.3,0.1376640956550823,3.293992280960083
10000,0.6,homogeneous,learned,dr,linear,6,0.43762773824122625,0.3,0.13762773824122626,0.03159785270690918
10000,0.6,homogeneous,learned,tlearner,lgbm,6,0.4390761648460796,0.3,0.1390761648460796,1.2013390064239502
10000,0.6,homogeneous,raw,dr,lgbm,7,0.41497366662226365,0.3,0.11497366662226366,4.724323749542236
10000,0.6,homogeneous,raw,dr,linear,7,0.3697479664136765,0.3,0.06974796641367653,1.1313879489898682
10000,0.6,homogeneous,raw,tlearner,lgbm,7,0.40666102534567805,0.3,0.10666102534567806,1.380953073501587
10000,0.6,homogeneous,concept,dr,lgbm,7,0.45704142113177326,0.3,0.15704142113177327,3.575191020965576
10000,0.6,homogeneous,concept,dr,linear,7,0.45601924752082706,0.3,0.15601924752082708,0.03276419639587402
10000,0.6,homogeneous,concept,tlearner,lgbm,7,0.453700345301947,0.3,0.15370034530194698,1.310007095336914
10000,0.6,homogeneous,learned,dr,lgbm,7,0.43522130057706115,0.3,0.13522130057706117,3.336454153060913
10000,0.6,homogeneous,learned,dr,linear,7,0.4360989286689103,0.3,0.13609892866891032,0.032044172286987305
10000,0.6,homogeneous,learned,tlearner,lgbm,7,0.4323514968128744,0.3,0.1323514968128744,1.182682991027832
10000,0.6,homogeneous,raw,dr,lgbm,8,0.39969434511578766,0.3,0.09969434511578767,4.837872743606567
10000,0.6,homogeneous,raw,dr,linear,8,0.368964983450637,0.3,0.06896498345063701,1.177109718322754
10000,0.6,homogeneous,raw,tlearner,lgbm,8,0.38121126580391773,0.3,0.08121126580391774,1.5734891891479492
10000,0.6,homogeneous,concept,dr,lgbm,8,0.44319375877199507,0.3,0.14319375877199508,3.5706119537353516
10000,0.6,homogeneous,concept,dr,linear,8,0.43371322730421286,0.3,0.13371322730421287,0.031755924224853516
10000,0.6,homogeneous,concept,tlearner,lgbm,8,0.4354025873163954,0.3,0.13540258731639543,1.2974591255187988
10000,0.6,homogeneous,learned,dr,lgbm,8,0.4258267734451937,0.3,0.12582677344519372,3.426950216293335
10000,0.6,homogeneous,learned,dr,linear,8,0.42837261455998005,0.3,0.12837261455998006,0.03268909454345703
10000,0.6,homogeneous,learned,tlearner,lgbm,8,0.42390317072558165,0.3,0.12390317072558166,1.1949517726898193
10000,0.6,homogeneous,raw,dr,lgbm,9,0.44163889966662817,0.3,0.14163889966662818,4.957075834274292
10000,0.6,homogeneous,raw,dr,linear,9,0.45478325573778844,0.3,0.15478325573778845,1.160588026046753
10000,0.6,homogeneous,raw,tlearner,lgbm,9,0.41614743484532685,0.3,0.11614743484532686,1.4223248958587646
10000,0.6,homogeneous,concept,dr,lgbm,9,0.47531930458603416,0.3,0.17531930458603417,3.6658968925476074
10000,0.6,homogeneous,concept,dr,linear,9,0.4688970992096886,0.3,0.1688970992096886,0.033675193786621094
10000,0.6,homogeneous,concept,tlearner,lgbm,9,0.46644966600100923,0.3,0.16644966600100924,1.3828816413879395
10000,0.6,homogeneous,learned,dr,lgbm,9,0.4560673396774581,0.3,0.15606733967745812,3.4690582752227783
10000,0.6,homogeneous,learned,dr,linear,9,0.45290201620517107,0.3,0.15290201620517108,0.03720498085021973
10000,0.6,homogeneous,learned,tlearner,lgbm,9,0.4569920778880525,0.3,0.15699207788805253,1.1909379959106445
20000,0.6,homogeneous,raw,dr,lgbm,0,0.3958028318502421,0.3,0.09580283185024213,6.527949094772339
20000,0.6,homogeneous,raw,dr,linear,0,0.4078154978422661,0.3,0.10781549784226613,2.1188571453094482
20000,0.6,homogeneous,raw,tlearner,lgbm,0,0.4011326195462953,0.3,0.10113261954629532,1.6458361148834229
20000,0.6,homogeneous,concept,dr,lgbm,0,0.4490988521578865,0.3,0.14909885215788649,3.966752767562866
20000,0.6,homogeneous,concept,dr,linear,0,0.4471679804529709,0.3,0.14716798045297091,0.05466103553771973
20000,0.6,homogeneous,concept,tlearner,lgbm,0,0.44337940762302386,0.3,0.14337940762302387,1.4450600147247314
20000,0.6,homogeneous,learned,dr,lgbm,0,0.43722069856512724,0.3,0.13722069856512725,4.138223171234131
20000,0.6,homogeneous,learned,dr,linear,0,0.43856844740078393,0.3,0.13856844740078395,0.06188082695007324
20000,0.6,homogeneous,learned,tlearner,lgbm,0,0.43595209959812325,0.3,0.13595209959812327,1.4335501194000244
20000,0.6,homogeneous,raw,dr,lgbm,1,0.4176016639115219,0.3,0.11760166391152194,6.623444318771362
20000,0.6,homogeneous,raw,dr,linear,1,0.4324501496917128,0.3,0.13245014969171282,2.2269933223724365
20000,0.6,homogeneous,raw,tlearner,lgbm,1,0.40097666166628576,0.3,0.10097666166628577,1.6450459957122803
20000,0.6,homogeneous,concept,dr,lgbm,1,0.44860401718576143,0.3,0.14860401718576144,3.856844902038574
20000,0.6,homogeneous,concept,dr,linear,1,0.4449750288265676,0.3,0.1449750288265676,0.05491995811462402
20000,0.6,homogeneous,concept,tlearner,lgbm,1,0.4456097579796913,0.3,0.14560975797969133,1.4724442958831787
20000,0.6,homogeneous,learned,dr,lgbm,1,0.43368445844980846,0.3,0.13368445844980847,3.79318904876709
20000,0.6,homogeneous,learned,dr,linear,1,0.44001397306437884,0.3,0.14001397306437885,0.054080963134765625
20000,0.6,homogeneous,learned,tlearner,lgbm,1,0.43619065480762037,0.3,0.13619065480762038,1.3415322303771973
20000,0.6,homogeneous,raw,dr,lgbm,2,0.40863700567174194,0.3,0.10863700567174195,6.481109857559204
20000,0.6,homogeneous,raw,dr,linear,2,0.40894590840247136,0.3,0.10894590840247137,2.111746072769165
20000,0.6,homogeneous,raw,tlearner,lgbm,2,0.4046279508274079,0.3,0.10462795082740789,1.655268907546997
20000,0.6,homogeneous,concept,dr,lgbm,2,0.45540819897847823,0.3,0.15540819897847824,3.882521867752075
20000,0.6,homogeneous,concept,dr,linear,2,0.45178261638474587,0.3,0.15178261638474588,0.05710482597351074
20000,0.6,homogeneous,concept,tlearner,lgbm,2,0.4523574339160564,0.3,0.15235743391605638,1.462918996810913
20000,0.6,homogeneous,learned,dr,lgbm,2,0.4450184363454197,0.3,0.14501843634541972,3.7960331439971924
20000,0.6,homogeneous,learned,dr,linear,2,0.4471552921082966,0.3,0.1471552921082966,0.053498029708862305
20000,0.6,homogeneous,learned,tlearner,lgbm,2,0.443891012931677,0.3,0.143891012931677,1.3117330074310303
20000,0.6,homogeneous,raw,dr,lgbm,3,0.4466581760849712,0.3,0.14665817608497123,6.292384147644043
20000,0.6,homogeneous,raw,dr,linear,3,0.4320744514326581,0.3,0.1320744514326581,2.0717859268188477
20000,0.6,homogeneous,raw,tlearner,lgbm,3,0.40354996905110685,0.3,0.10354996905110686,1.6085166931152344
20000,0.6,homogeneous,concept,dr,lgbm,3,0.44920714425720437,0.3,0.14920714425720438,3.917754888534546
20000,0.6,homogeneous,concept,dr,linear,3,0.4480762172670995,0.3,0.14807621726709952,0.05418086051940918
20000,0.6,homogeneous,concept,tlearner,lgbm,3,0.4471854396676742,0.3,0.14718543966767422,1.452085018157959
20000,0.6,homogeneous,learned,dr,lgbm,3,0.43904336808347905,0.3,0.13904336808347906,3.861351251602173
20000,0.6,homogeneous,learned,dr,linear,3,0.4438199136761583,0.3,0.14381991367615832,0.056610107421875
20000,0.6,homogeneous,learned,tlearner,lgbm,3,0.4378877438884727,0.3,0.1378877438884727,1.3765299320220947
20000,0.6,homogeneous,raw,dr,lgbm,4,0.39226647676720744,0.3,0.09226647676720745,6.330980062484741
20000,0.6,homogeneous,raw,dr,linear,4,0.3875229382699134,0.3,0.08752293826991342,2.054248809814453
20000,0.6,homogeneous,raw,tlearner,lgbm,4,0.3980886323470968,0.3,0.0980886323470968,1.6491341590881348
20000,0.6,homogeneous,concept,dr,lgbm,4,0.44883933514139707,0.3,0.14883933514139708,3.889256000518799
20000,0.6,homogeneous,concept,dr,linear,4,0.4462174187594018,0.3,0.1462174187594018,0.0543820858001709
20000,0.6,homogeneous,concept,tlearner,lgbm,4,0.4435023387847572,0.3,0.1435023387847572,1.449059009552002
20000,0.6,homogeneous,learned,dr,lgbm,4,0.43812600252005574,0.3,0.13812600252005575,3.8909571170806885
20000,0.6,homogeneous,learned,dr,linear,4,0.4433855512979304,0.3,0.1433855512979304,0.054694175720214844
20000,0.6,homogeneous,learned,tlearner,lgbm,4,0.4383838219879608,0.3,0.1383838219879608,1.3505947589874268
20000,0.6,homogeneous,raw,dr,lgbm,5,0.404766978404673,0.3,0.10476697840467303,6.4176390171051025
20000,0.6,homogeneous,raw,dr,linear,5,0.40246212402528814,0.3,0.10246212402528815,2.14660906791687
20000,0.6,homogeneous,raw,tlearner,lgbm,5,0.3926382907900247,0.3,0.09263829079002472,1.6710078716278076
20000,0.6,homogeneous,concept,dr,lgbm,5,0.44820525848315534,0.3,0.14820525848315536,4.020658016204834
20000,0.6,homogeneous,concept,dr,linear,5,0.4433674218988051,0.3,0.14336742189880514,0.05426812171936035
20000,0.6,homogeneous,concept,tlearner,lgbm,5,0.4438311222473164,0.3,0.14383112224731642,1.440039873123169
20000,0.6,homogeneous,learned,dr,lgbm,5,0.43299144020371116,0.3,0.13299144020371118,3.7665719985961914
20000,0.6,homogeneous,learned,dr,linear,5,0.4323316850155968,0.3,0.13233168501559683,0.05411410331726074
20000,0.6,homogeneous,learned,tlearner,lgbm,5,0.4325705608975013,0.3,0.1325705608975013,1.3209099769592285
20000,0.6,homogeneous,raw,dr,lgbm,6,0.38672766493687244,0.3,0.08672766493687245,6.417315721511841
20000,0.6,homogeneous,raw,dr,linear,6,0.3942283413731239,0.3,0.09422834137312391,2.0642778873443604
20000,0.6,homogeneous,raw,tlearner,lgbm,6,0.3907924038686451,0.3,0.09079240386864512,1.6630370616912842
20000,0.6,homogeneous,concept,dr,lgbm,6,0.4438406029123381,0.3,0.14384060291233813,4.065487861633301
20000,0.6,homogeneous,concept,dr,linear,6,0.4410082554036133,0.3,0.14100825540361334,0.05607008934020996
20000,0.6,homogeneous,concept,tlearner,lgbm,6,0.4393044957946374,0.3,0.13930449579463738,1.516977310180664
20000,0.6,homogeneous,learned,dr,lgbm,6,0.43252088967644453,0.3,0.13252088967644454,3.952528953552246
20000,0.6,homogeneous,learned,dr,linear,6,0.43569020073269416,0.3,0.13569020073269417,0.0561680793762207
20000,0.6,homogeneous,learned,tlearner,lgbm,6,0.42656840392818046,0.3,0.12656840392818047,1.3426578044891357
20000,0.6,homogeneous,raw,dr,lgbm,7,0.38930971072362547,0.3,0.08930971072362548,6.5802390575408936
20000,0.6,homogeneous,raw,dr,linear,7,0.3899413014707292,0.3,0.0899413014707292,2.1678011417388916
20000,0.6,homogeneous,raw,tlearner,lgbm,7,0.40210259177869445,0.3,0.10210259177869446,1.706752061843872
20000,0.6,homogeneous,concept,dr,lgbm,7,0.4542923528401934,0.3,0.15429235284019344,3.96905779838562
20000,0.6,homogeneous,concept,dr,linear,7,0.450559108599505,0.3,0.150559108599505,0.05347418785095215
20000,0.6,homogeneous,concept,tlearner,lgbm,7,0.45092246430664656,0.3,0.15092246430664658,1.4830541610717773
20000,0.6,homogeneous,learned,dr,lgbm,7,0.4403317367215691,0.3,0.14033173672156912,3.826849937438965
20000,0.6,homogeneous,learned,dr,linear,7,0.4456796436819355,0.3,0.14567964368193553,0.055098772048950195
20000,0.6,homogeneous,learned,tlearner,lgbm,7,0.43889245779883485,0.3,0.13889245779883486,1.360123872756958
20000,0.6,homogeneous,raw,dr,lgbm,8,0.4164248255516832,0.3,0.11642482555168321,6.495755910873413
20000,0.6,homogeneous,raw,dr,linear,8,0.41424333516274,0.3,0.11424333516273999,2.233927011489868
20000,0.6,homogeneous,raw,tlearner,lgbm,8,0.3874300234563706,0.3,0.08743002345637063,1.6537868976593018
20000,0.6,homogeneous,concept,dr,lgbm,8,0.4400315678942412,0.3,0.1400315678942412,3.856977939605713
20000,0.6,homogeneous,concept,dr,linear,8,0.4354745919943012,0.3,0.13547459199430123,0.053804874420166016
20000,0.6,homogeneous,concept,tlearner,lgbm,8,0.43565735713799403,0.3,0.13565735713799404,1.4388339519500732
20000,0.6,homogeneous,learned,dr,lgbm,8,0.426556880102016,0.3,0.126556880102016,3.9304349422454834
20000,0.6,homogeneous,learned,dr,linear,8,0.42689925648857335,0.3,0.12689925648857336,0.0574641227722168
20000,0.6,homogeneous,learned,tlearner,lgbm,8,0.4244789014265724,0.3,0.12447890142657242,1.3515830039978027
20000,0.6,homogeneous,raw,dr,lgbm,9,0.4149064042594118,0.3,0.11490640425941179,6.252153158187866
20000,0.6,homogeneous,raw,dr,linear,9,0.4096025606167138,0.3,0.1096025606167138,2.026015043258667
20000,0.6,homogeneous,raw,tlearner,lgbm,9,0.40784070174703474,0.3,0.10784070174703475,1.6535840034484863
20000,0.6,homogeneous,concept,dr,lgbm,9,0.4640907262585078,0.3,0.1640907262585078,3.998939037322998
20000,0.6,homogeneous,concept,dr,linear,9,0.4607681163548119,0.3,0.16076811635481192,0.05359697341918945
20000,0.6,homogeneous,concept,tlearner,lgbm,9,0.4611459371114344,0.3,0.16114593711143443,1.4626963138580322
20000,0.6,homogeneous,learned,dr,lgbm,9,0.44277803234486834,0.3,0.14277803234486836,3.814563751220703
20000,0.6,homogeneous,learned,dr,linear,9,0.446960716572787,0.3,0.14696071657278703,0.05657696723937988
20000,0.6,homogeneous,learned,tlearner,lgbm,9,0.4460042397336777,0.3,0.1460042397336777,1.3636579513549805
1000,0.0,heterogeneous,raw,dr,lgbm,0,0.10106412836874856,0.16408000000000006,0.0630158716312515,2.651453733444214
1000,0.0,heterogeneous,raw,dr,linear,0,0.09786164986875501,0.16408000000000006,0.06621835013124505,0.13651418685913086
1000,0.0,heterogeneous,raw,tlearner,lgbm,0,0.0579109938859298,0.16408000000000006,0.10616900611407026,0.8136477470397949
1000,0.0,heterogeneous,concept,dr,lgbm,0,0.17368509164329818,0.16408000000000006,0.00960509164329812,2.0783607959747314
1000,0.0,heterogeneous,concept,dr,linear,0,0.18294768261494865,0.16408000000000006,0.01886768261494859,0.012692928314208984
1000,0.0,heterogeneous,concept,tlearner,lgbm,0,0.11989687219186884,0.16408000000000006,0.04418312780813122,0.7102940082550049
1000,0.0,heterogeneous,learned,dr,lgbm,0,0.1742563086715913,0.16408000000000006,0.01017630867159125,1.8966891765594482
1000,0.0,heterogeneous,learned,dr,linear,0,0.14041612133680575,0.16408000000000006,0.023663878663194304,0.012008190155029297
1000,0.0,heterogeneous,learned,tlearner,lgbm,0,0.09565982287043855,0.16408000000000006,0.06842017712956151,0.6410870552062988
1000,0.0,heterogeneous,raw,dr,lgbm,1,0.30535591313092947,0.16408000000000006,0.1412759131309294,2.6965019702911377
1000,0.0,heterogeneous,raw,dr,linear,1,0.18341860452155012,0.16408000000000006,0.019338604521550062,0.1320018768310547
1000,0.0,heterogeneous,raw,tlearner,lgbm,1,0.16910472374440172,0.16408000000000006,0.00502472374440166,0.8210880756378174
1000,0.0,heterogeneous,concept,dr,lgbm,1,0.2590807228055854,0.16408000000000006,0.09500072280558536,2.1692049503326416
1000,0.0,heterogeneous,concept,dr,linear,1,0.241610886901375,0.16408000000000006,0.07753088690137494,0.012710809707641602
1000,0.0,heterogeneous,concept,tlearner,lgbm,1,0.22516434826974305,0.16408000000000006,0.06108434826974299,0.7240900993347168
1000,0.0,heterogeneous,learned,dr,lgbm,1,0.15186092279138716,0.16408000000000006,0.0122190772086129,1.8832569122314453
1000,0.0,heterogeneous,learned,dr,linear,1,0.14590274283212662,0.16408000000000006,0.01817725716787344,0.01268911361694336
1000,0.0,heterogeneous,learned,tlearner,lgbm,1,0.1392376214921026,0.16408000000000006,0.024842378507897472,0.6253118515014648
1000,0.0,heterogeneous,raw,dr,lgbm,2,0.5651713532146754,0.16408000000000006,0.4010913532146753,2.7222867012023926
1000,0.0,heterogeneous,raw,dr,linear,2,0.9453689973690317,0.16408000000000006,0.7812889973690316,0.13452887535095215
1000,0.0,heterogeneous,raw,tlearner,lgbm,2,0.1834394832734201,0.16408000000000006,0.019359483273420047,0.746068000793457
1000,0.0,heterogeneous,concept,dr,lgbm,2,0.21436245015166736,0.16408000000000006,0.050282450151667296,2.2013161182403564
1000,0.0,heterogeneous,concept,dr,linear,2,0.22648875038654842,0.16408000000000006,0.06240875038654836,0.012473821640014648
1000,0.0,heterogeneous,concept,tlearner,lgbm,2,0.22095552519551118,0.16408000000000006,0.05687552519551112,0.7302939891815186
1000,0.0,heterogeneous,learned,dr,lgbm,2,0.23702795445138583,0.16408000000000006,0.07294795445138577,1.9602811336517334
1000,0.0,heterogeneous,learned,dr,linear,2,0.1750614876854055,0.16408000000000006,0.010981487685405439,0.012826919555664062
1000,0.0,heterogeneous,learned,tlearner,lgbm,2,0.22039103512125052,0.16408000000000006,0.05631103512125046,0.6444990634918213
1000,0.0,heterogeneous,raw,dr,lgbm,3,0.42653409905215195,0.16408000000000006,0.2624540990521519,2.6979219913482666
1000,0.0,heterogeneous,raw,dr,linear,3,0.6663488970066535,0.16408000000000006,0.5022688970066533,0.13750910758972168
1000,0.0,heterogeneous,raw,tlearner,lgbm,3,0.21829225625137877,0.16408000000000006,0.05421225625137871,0.7925529479980469
1000,0.0,heterogeneous,concept,dr,lgbm,3,0.24961769401371034,0.16408000000000006,0.08553769401371028,2.1292591094970703
1000,0.0,heterogeneous,concept,dr,linear,3,0.23667922414651937,0.16408000000000006,0.07259922414651931,0.012829303741455078
1000,0.0,heterogeneous,concept,tlearner,lgbm,3,0.24251026365793965,0.16408000000000006,0.07843026365793959,0.7773568630218506
1000,0.0,heterogeneous,learned,dr,lgbm,3,0.2828386501312715,0.16408000000000006,0.11875865013127146,2.0426278114318848
1000,0.0,heterogeneous,learned,dr,linear,3,0.4166141392552473,0.16408000000000006,0.25253413925524726,0.012103796005249023
1000,0.0,heterogeneous,learned,tlearner,lgbm,3,0.2186829619219247,0.16408000000000006,0.05460296192192465,0.666815996170044
1000,0.0,heterogeneous,raw,dr,lgbm,4,0.5829040818986015,0.16408000000000006,0.4188240818986015,2.647627115249634
1000,0.0,heterogeneous,raw,dr,linear,4,0.14706002611570076,0.16408000000000006,0.017019973884299294,0.13693523406982422
1000,0.0,heterogeneous,raw,tlearner,lgbm,4,0.111462483488513,0.16408000000000006,0.052617516511487064,0.805851936340332
1000,0.0,heterogeneous,concept,dr,lgbm,4,0.18029916107756908,0.16408000000000006,0.016219161077569016,2.1346850395202637
1000,0.0,heterogeneous,concept,dr,linear,4,0.13362692462619488,0.16408000000000006,0.030453075373805177,0.012853860855102539
1000,0.0,heterogeneous,concept,tlearner,lgbm,4,0.16732310909809406,0.16408000000000006,0.003243109098093999,0.70111083984375
1000,0.0,heterogeneous,learned,dr,lgbm,4,0.1749654580016359,0.16408000000000006,0.010885458001635845,1.9920859336853027
1000,0.0,heterogeneous,learned,dr,linear,4,0.18292078375384754,0.16408000000000006,0.018840783753847484,0.012109041213989258
1000,0.0,heterogeneous,learned,tlearner,lgbm,4,0.10783074239146906,0.16408000000000006,0.056249257608531,0.6379342079162598
1000,0.0,heterogeneous,raw,dr,lgbm,5,0.7257897417602317,0.16408000000000006,0.5617097417602317,2.673536777496338
1000,0.0,heterogeneous,raw,dr,linear,5,0.6628227920859694,0.16408000000000006,0.49874279208596933,0.13302016258239746
1000,0.0,heterogeneous,raw,tlearner,lgbm,5,0.13972345441692696,0.16408000000000006,0.024356545583073097,0.7820780277252197
1000,0.0,heterogeneous,concept,dr,lgbm,5,0.16537634655007655,0.16408000000000006,0.0012963465500764881,2.121509075164795
1000,0.0,heterogeneous,concept,dr,linear,5,0.16930401923455932,0.16408000000000006,0.005224019234559257,0.012836933135986328
1000,0.0,heterogeneous,concept,tlearner,lgbm,5,0.14866434829115568,0.16408000000000006,0.015415651708844375,0.7029378414154053
1000,0.0,heterogeneous,learned,dr,lgbm,5,0.1179109825082556,0.16408000000000006,0.04616901749174446,2.008880853652954
1000,0.0,heterogeneous,learned,dr,linear,5,-0.007343037959756882,0.16408000000000006,0.17142303795975694,0.012013912200927734
1000,0.0,heterogeneous,learned,tlearner,lgbm,5,0.13089532662773434,0.16408000000000006,0.033184673372265716,0.6407496929168701
1000,0.0,heterogeneous,raw,dr,lgbm,6,0.4908162347624649,0.16408000000000006,0.32673623476246483,2.7064449787139893
1000,0.0,heterogeneous,raw,dr,linear,6,0.6739111629588975,0.16408000000000006,0.5098311629588974,0.1348721981048584
1000,0.0,heterogeneous,raw,tlearner,lgbm,6,0.1681909253748897,0.16408000000000006,0.004110925374889635,0.771874189376831
1000,0.0,heterogeneous,concept,dr,lgbm,6,0.24992815351867426,0.16408000000000006,0.0858481535186742,2.058018922805786
1000,0.0,heterogeneous,concept,dr,linear,6,0.2578497802684936,0.16408000000000006,0.09376978026849353,0.012440681457519531
1000,0.0,heterogeneous,concept,tlearner,lgbm,6,0.22917692636082293,0.16408000000000006,0.06509692636082287,0.6965131759643555
1000,0.0,heterogeneous,learned,dr,lgbm,6,0.2867119546975971,0.16408000000000006,0.12263195469759702,1.918673038482666
1000,0.0,heterogeneous,learned,dr,linear,6,0.21427753777023018,0.16408000000000006,0.050197537770230116,0.012047767639160156
1000,0.0,heterogeneous,learned,tlearner,lgbm,6,0.20723224963752693,0.16408000000000006,0.04315224963752687,0.6457090377807617
1000,0.0,heterogeneous,raw,dr,lgbm,7,0.4777896471334719,0.16408000000000006,0.3137096471334718,2.520132064819336
1000,0.0,heterogeneous,raw,dr,linear,7,0.6320503346409311,0.16408000000000006,0.467970334640931,0.13498711585998535
1000,0.0,heterogeneous,raw,tlearner,lgbm,7,0.10426536943245364,0.16408000000000006,0.05981463056754642,0.7837991714477539
1000,0.0,heterogeneous,concept,dr,lgbm,7,0.14980856137200801,0.16408000000000006,0.014271438627992045,2.0269219875335693
1000,0.0,heterogeneous,concept,dr,linear,7,0.14378859147795944,0.16408000000000006,0.020291408522040616,0.012676000595092773
1000,0.0,heterogeneous,concept,tlearner,lgbm,7,0.14488614080274942,0.16408000000000006,0.01919385919725064,0.7140779495239258
1000,0.0,heterogeneous,learned,dr,lgbm,7,0.2109429415442496,0.16408000000000006,0.04686294154424955,1.9746348857879639
1000,0.0,heterogeneous,learned,dr,linear,7,0.1562859891113005,0.16408000000000006,0.0077940108886995485,0.01182699203491211
1000,0.0,heterogeneous,learned,tlearner,lgbm,7,0.12004252618651998,0.16408000000000006,0.04403747381348008,0.6569468975067139
1000,0.0,heterogeneous,raw,dr,lgbm,8,0.023260861412416702,0.16408000000000006,0.14081913858758335,2.5989530086517334
1000,0.0,heterogeneous,raw,dr,linear,8,-0.33904494465185675,0.16408000000000006,0.5031249446518569,0.13502788543701172
1000,0.0,heterogeneous,raw,tlearner,lgbm,8,0.07203930740728604,0.16408000000000006,0.09204069259271402,0.8152778148651123
1000,0.0,heterogeneous,concept,dr,lgbm,8,0.17165313350342937,0.16408000000000006,0.007573133503429308,2.0028858184814453
1000,0.0,heterogeneous,concept,dr,linear,8,0.1372994252902253,0.16408000000000006,0.026780574709774768,0.012599945068359375
1000,0.0,heterogeneous,concept,tlearner,lgbm,8,0.12970823361445538,0.16408000000000006,0.03437176638554468,0.6908228397369385
1000,0.0,heterogeneous,learned,dr,lgbm,8,0.13237769867686244,0.16408000000000006,0.031702301323137616,1.8445489406585693
1000,0.0,heterogeneous,learned,dr,linear,8,0.09052081004318734,0.16408000000000006,0.07355918995681272,0.012173175811767578
1000,0.0,heterogeneous,learned,tlearner,lgbm,8,0.14464046685927587,0.16408000000000006,0.01943953314072419,0.6682510375976562
1000,0.0,heterogeneous,raw,dr,lgbm,9,0.6633089944763193,0.16408000000000006,0.49922899447631924,2.7433111667633057
1000,0.0,heterogeneous,raw,dr,linear,9,1.0642445247459178,0.16408000000000006,0.9001645247459178,0.13565897941589355
1000,0.0,heterogeneous,raw,tlearner,lgbm,9,0.0967021270920508,0.16408000000000006,0.06737787290794926,0.8127439022064209
1000,0.0,heterogeneous,concept,dr,lgbm,9,0.13703170050167165,0.16408000000000006,0.027048299498328404,2.136385202407837
1000,0.0,heterogeneous,concept,dr,linear,9,0.15972459993480145,0.16408000000000006,0.004355400065198606,0.012633085250854492
1000,0.0,heterogeneous,concept,tlearner,lgbm,9,0.1265797004648284,0.16408000000000006,0.03750029953517167,0.7220790386199951
1000,0.0,heterogeneous,learned,dr,lgbm,9,0.14619903473017454,0.16408000000000006,0.01788096526982552,1.9886362552642822
1000,0.0,heterogeneous,learned,dr,linear,9,0.1635752766042157,0.16408000000000006,0.0005047233957843622,0.012006282806396484
1000,0.0,heterogeneous,learned,tlearner,lgbm,9,0.1711024461099143,0.16408000000000006,0.007022446109914232,0.6751160621643066
2000,0.0,heterogeneous,raw,dr,lgbm,0,0.3209318647708001,0.16408000000000006,0.15685186477080004,3.274869918823242
2000,0.0,heterogeneous,raw,dr,linear,0,0.40115576869760355,0.16408000000000006,0.2370757686976035,0.27005696296691895
2000,0.0,heterogeneous,raw,tlearner,lgbm,0,0.06408844094788188,0.16408000000000006,0.09999155905211818,1.0936567783355713
2000,0.0,heterogeneous,concept,dr,lgbm,0,0.14518940132913805,0.16408000000000006,0.018890598670862013,2.6657679080963135
2000,0.0,heterogeneous,concept,dr,linear,0,0.16061360280630416,0.16408000000000006,0.0034663971936959026,0.015021085739135742
2000,0.0,heterogeneous,concept,tlearner,lgbm,0,0.12717569814479848,0.16408000000000006,0.03690430185520158,0.8571169376373291
2000,0.0,heterogeneous,learned,dr,lgbm,0,0.14601141286597805,0.16408000000000006,0.018068587134022013,2.445404052734375
2000,0.0,heterogeneous,learned,dr,linear,0,0.1574595158855063,0.16408000000000006,0.006620484114493758,0.014309167861938477
2000,0.0,heterogeneous,learned,tlearner,lgbm,0,0.1445022242446454,0.16408000000000006,0.01957777575535466,0.8201720714569092
2000,0.0,heterogeneous,raw,dr,lgbm,1,0.4744869779863175,0.16408000000000006,0.31040697798631744,3.4119999408721924
2000,0.0,heterogeneous,raw,dr,linear,1,0.4259702466452074,0.16408000000000006,0.2618902466452073,0.2643747329711914
2000,0.0,heterogeneous,raw,tlearner,lgbm,1,0.1371796020440508,0.16408000000000006,0.026900397955949257,1.0935680866241455
2000,0.0,heterogeneous,concept,dr,lgbm,1,0.19450446944684163,0.16408000000000006,0.030424469446841573,2.7163782119750977
2000,0.0,heterogeneous,concept,dr,linear,1,0.18263583625573565,0.16408000000000006,0.01855583625573559,0.015227794647216797
2000,0.0,heterogeneous,concept,tlearner,lgbm,1,0.17852878208570275,0.16408000000000006,0.014448782085702688,0.8822550773620605
2000,0.0,heterogeneous,learned,dr,lgbm,1,0.1357437350738956,0.16408000000000006,0.02833626492610447,2.387551784515381
2000,0.0,heterogeneous,learned,dr,linear,1,0.12266859093561026,0.16408000000000006,0.041411409064389795,0.014590978622436523
2000,0.0,heterogeneous,learned,tlearner,lgbm,1,0.12847901834213674,0.16408000000000006,0.03560098165786332,0.8204107284545898
2000,0.0,heterogeneous,raw,dr,lgbm,2,0.07261347178391182,0.16408000000000006,0.09146652821608824,3.4192209243774414
2000,0.0,heterogeneous,raw,dr,linear,2,-0.18620915197529236,0.16408000000000006,0.3502891519752924,0.26819300651550293
2000,0.0,heterogeneous,raw,tlearner,lgbm,2,0.16639700938924074,0.16408000000000006,0.0023170093892406762,1.0834150314331055
2000,0.0,heterogeneous,concept,dr,lgbm,2,0.18674891635795562,0.16408000000000006,0.022668916357955565,2.7828309535980225
2000,0.0,heterogeneous,concept,dr,linear,2,0.2053714270260603,0.16408000000000006,0.04129142702606023,0.014829158782958984
2000,0.0,heterogeneous,concept,tlearner,lgbm,2,0.18872319225199072,0.16408000000000006,0.02464319225199066,0.9414141178131104
2000,0.0,heterogeneous,learned,dr,lgbm,2,0.19927008757517783,0.16408000000000006,0.035190087575177775,2.627981662750244
2000,0.0,heterogeneous,learned,dr,linear,2,0.19896053449077522,0.16408000000000006,0.03488053449077516,0.014672994613647461
2000,0.0,heterogeneous,learned,tlearner,lgbm,2,0.21492355308470934,0.16408000000000006,0.05084355308470928,0.8345580101013184
2000,0.0,heterogeneous,raw,dr,lgbm,3,0.4626749171263515,0.16408000000000006,0.29859491712635144,3.2152860164642334
2000,0.0,heterogeneous,raw,dr,linear,3,0.506405088644229,0.16408000000000006,0.3423250886442289,0.26530003547668457
2000,0.0,heterogeneous,raw,tlearner,lgbm,3,0.18149335753683735,0.16408000000000006,0.017413357536837287,0.9974579811096191
2000,0.0,heterogeneous,concept,dr,lgbm,3,0.23518287105381713,0.16408000000000006,0.07110287105381707,2.7186670303344727
2000,0.0,heterogeneous,concept,dr,linear,3,0.22202637547581797,0.16408000000000006,0.05794637547581791,0.015665054321289062
2000,0.0,heterogeneous,concept,tlearner,lgbm,3,0.2125001472613648,0.16408000000000006,0.04842014726136473,0.8894522190093994
2000,0.0,heterogeneous,learned,dr,lgbm,3,0.1960058315711957,0.16408000000000006,0.031925831571195634,2.5465240478515625
2000,0.0,heterogeneous,learned,dr,linear,3,0.2163856076251147,0.16408000000000006,0.05230560762511463,0.01465296745300293
2000,0.0,heterogeneous,learned,tlearner,lgbm,3,0.20810046206907037,0.16408000000000006,0.044020462069070315,0.8525247573852539
2000,0.0,heterogeneous,raw,dr,lgbm,4,0.0623573715749136,0.16408000000000006,0.10172262842508646,3.220273971557617
2000,0.0,heterogeneous,raw,dr,linear,4,0.15035714791403887,0.16408000000000006,0.01372285208596119,0.27120018005371094
2000,0.0,heterogeneous,raw,tlearner,lgbm,4,0.11855811481232337,0.16408000000000006,0.04552188518767669,1.0563569068908691
2000,0.0,heterogeneous,concept,dr,lgbm,4,0.2167680073429682,0.16408000000000006,0.052688007342968135,2.5933730602264404
2000,0.0,heterogeneous,concept,dr,linear,4,0.15757535008469975,0.16408000000000006,0.006504649915300309,0.015048027038574219
2000,0.0,heterogeneous,concept,tlearner,lgbm,4,0.17695661472569163,0.16408000000000006,0.01287661472569157,0.9347221851348877
2000,0.0,heterogeneous,learned,dr,lgbm,4,0.14212680468582772,0.16408000000000006,0.021953195314172336,2.4829609394073486
2000,0.0,heterogeneous,learned,dr,linear,4,0.15200518948561242,0.16408000000000006,0.012074810514387635,0.014287233352661133
2000,0.0,heterogeneous,learned,tlearner,lgbm,4,0.13807440006937588,0.16408000000000006,0.02600559993062418,0.8304760456085205
2000,0.0,heterogeneous,raw,dr,lgbm,5,-0.010187107132595742,0.16408000000000006,0.1742671071325958,3.272711992263794
2000,0.0,heterogeneous,raw,dr,linear,5,0.09440492597412224,0.16408000000000006,0.06967507402587782,0.272144079208374
2000,0.0,heterogeneous,raw,tlearner,lgbm,5,0.12873681320262914,0.16408000000000006,0.03534318679737092,1.0405032634735107
2000,0.0,heterogeneous,concept,dr,lgbm,5,0.16905930394717056,0.16408000000000006,0.004979303947170499,2.7660269737243652
2000,0.0,heterogeneous,concept,dr,linear,5,0.16617762349330192,0.16408000000000006,0.0020976234933018645,0.01495504379272461
2000,0.0,heterogeneous,concept,tlearner,lgbm,5,0.15871547778924583,0.16408000000000006,0.00536452221075423,0.9034311771392822
2000,0.0,heterogeneous,learned,dr,lgbm,5,0.16320101841157367,0.16408000000000006,0.0008789815884263918,2.5165607929229736
2000,0.0,heterogeneous,learned,dr,linear,5,0.16206134071659245,0.16408000000000006,0.002018659283407609,0.014538049697875977
2000,0.0,heterogeneous,learned,tlearner,lgbm,5,0.1652058497238463,0.16408000000000006,0.001125849723846245,0.8150699138641357
2000,0.0,heterogeneous,raw,dr,lgbm,6,0.27945002009971676,0.16408000000000006,0.1153700200997167,3.3118247985839844
2000,0.0,heterogeneous,raw,dr,linear,6,0.2552196334973473,0.16408000000000006,0.09113963349734722,0.2687802314758301
2000,0.0,heterogeneous,raw,tlearner,lgbm,6,0.13116015629097139,0.16408000000000006,0.03291984370902867,1.0731172561645508
2000,0.0,heterogeneous,concept,dr,lgbm,6,0.2075800510985874,0.16408000000000006,0.043500051098587345,2.675372838973999
2000,0.0,heterogeneous,concept,dr,linear,6,0.18824989402146614,0.16408000000000006,0.024169894021466076,0.015334844589233398
2000,0.0,heterogeneous,concept,tlearner,lgbm,6,0.18859909589983911,0.16408000000000006,0.024519095899839055,0.9079821109771729
2000,0.0,heterogeneous,learned,dr,lgbm,6,0.14975133695946755,0.16408000000000006,0.014328663040532513,2.411897659301758
2000,0.0,heterogeneous,learned,dr,linear,6,0.14768411851605062,0.16408000000000006,0.016395881483949437,0.014465093612670898
2000,0.0,heterogeneous,learned,tlearner,lgbm,6,0.15657897439029894,0.16408000000000006,0.007501025609701117,0.8351941108703613
2000,0.0,heterogeneous,raw,dr,lgbm,7,0.007769752328663035,0.16408000000000006,0.15631024767133703,3.233109951019287
2000,0.0,heterogeneous,raw,dr,linear,7,0.11368664373720849,0.16408000000000006,0.05039335626279157,0.2665119171142578
2000,0.0,heterogeneous,raw,tlearner,lgbm,7,0.12061813324222638,0.16408000000000006,0.04346186675777368,1.0925531387329102
2000,0.0,heterogeneous,concept,dr,lgbm,7,0.16112591473060728,0.16408000000000006,0.002954085269392781,2.652708053588867
2000,0.0,heterogeneous,concept,dr,linear,7,0.16589863135981256,0.16408000000000006,0.0018186313598125003,0.014826059341430664
2000,0.0,heterogeneous,concept,tlearner,lgbm,7,0.15948659099521548,0.16408000000000006,0.004593409004784582,0.858860969543457
2000,0.0,heterogeneous,learned,dr,lgbm,7,0.1414881610667082,0.16408000000000006,0.022591838933291863,2.5901668071746826
2000,0.0,heterogeneous,learned,dr,linear,7,0.23384332799466218,0.16408000000000006,0.06976332799466212,0.014098882675170898
2000,0.0,heterogeneous,learned,tlearner,lgbm,7,0.12910868950006074,0.16408000000000006,0.03497131049993932,0.8689868450164795
2000,0.0,heterogeneous,raw,dr,lgbm,8,0.17976619518361653,0.16408000000000006,0.01568619518361647,3.2298738956451416
2000,0.0,heterogeneous,raw,dr,linear,8,-0.017122135236169737,0.16408000000000006,0.1812021352361698,0.28307008743286133
2000,0.0,heterogeneous,raw,tlearner,lgbm,8,0.10108815699712875,0.16408000000000006,0.0629918430028713,1.0577261447906494
2000,0.0,heterogeneous,concept,dr,lgbm,8,0.18349101223776998,0.16408000000000006,0.01941101223776992,2.6638360023498535
2000,0.0,heterogeneous,concept,dr,linear,8,0.171969297553969,0.16408000000000006,0.007889297553968944,0.016088008880615234
2000,0.0,heterogeneous,concept,tlearner,lgbm,8,0.16327866560463605,0.16408000000000006,0.0008013343953640062,0.8949160575866699
2000,0.0,heterogeneous,learned,dr,lgbm,8,0.15888576850449673,0.16408000000000006,0.005194231495503326,2.4579219818115234
2000,0.0,heterogeneous,learned,dr,linear,8,0.1633720300808826,0.16408000000000006,0.0007079699191174516,0.013913154602050781
2000,0.0,heterogeneous,learned,tlearner,lgbm,8,0.16270172810372138,0.16408000000000006,0.0013782718962786766,0.8284070491790771
2000,0.0,heterogeneous,raw,dr,lgbm,9,-0.11412655292930787,0.16408000000000006,0.27820655292930796,3.3009860515594482
2000,0.0,heterogeneous,raw,dr,linear,9,0.04009344834354342,0.16408000000000006,0.12398655165645664,0.2794008255004883
2000,0.0,heterogeneous,raw,tlearner,lgbm,9,0.09305973728792614,0.16408000000000006,0.07102026271207391,1.0804469585418701
2000,0.0,heterogeneous,concept,dr,lgbm,9,0.1518542335252932,0.16408000000000006,0.012225766474706856,2.7073471546173096
2000,0.0,heterogeneous,concept,dr,linear,9,0.1645013515214666,0.16408000000000006,0.00042135152146655086,0.01739025115966797
2000,0.0,heterogeneous,concept,tlearner,lgbm,9,0.1462807455514983,0.16408000000000006,0.01779925444850175,0.9239668846130371
2000,0.0,heterogeneous,learned,dr,lgbm,9,0.14041705000124655,0.16408000000000006,0.023662949998753513,2.5777089595794678
2000,0.0,heterogeneous,learned,dr,linear,9,0.16490811839003836,0.16408000000000006,0.000828118390038296,0.014100074768066406
2000,0.0,heterogeneous,learned,tlearner,lgbm,9,0.13282522057118604,0.16408000000000006,0.03125477942881402,0.8563101291656494
5000,0.0,heterogeneous,raw,dr,lgbm,0,0.14921235168249491,0.16408000000000006,0.014867648317505144,3.92509388923645
5000,0.0,heterogeneous,raw,dr,linear,0,0.10485668009331069,0.16408000000000006,0.05922331990668937,0.6225018501281738
5000,0.0,heterogeneous,raw,tlearner,lgbm,0,0.12306751103956699,0.16408000000000006,0.041012488960433066,1.307823896408081
5000,0.0,heterogeneous,concept,dr,lgbm,0,0.168265801842475,0.16408000000000006,0.00418580184247494,3.193387985229492
5000,0.0,heterogeneous,concept,dr,linear,0,0.1765920782315839,0.16408000000000006,0.012512078231583845,0.021561861038208008
5000,0.0,heterogeneous,concept,tlearner,lgbm,0,0.1652743265070114,0.16408000000000006,0.0011943265070113451,1.1351380348205566
5000,0.0,heterogeneous,learned,dr,lgbm,0,0.1932265470137244,0.16408000000000006,0.02914654701372435,2.9910759925842285
5000,0.0,heterogeneous,learned,dr,linear,0,0.20244343600461046,0.16408000000000006,0.038363436004610396,0.021001815795898438
5000,0.0,heterogeneous,learned,tlearner,lgbm,0,0.19128105376530444,0.16408000000000006,0.027201053765304378,1.0294499397277832
5000,0.0,heterogeneous,raw,dr,lgbm,1,0.13540022164924528,0.16408000000000006,0.028679778350754775,4.01939582824707
5000,0.0,heterogeneous,raw,dr,linear,1,0.08301929763924011,0.16408000000000006,0.08106070236075995,0.614922285079956
5000,0.0,heterogeneous,raw,tlearner,lgbm,1,0.12771956961675698,0.16408000000000006,0.036360430383243075,1.3338170051574707
5000,0.0,heterogeneous,concept,dr,lgbm,1,0.17459647007704776,0.16408000000000006,0.010516470077047702,3.2434418201446533
5000,0.0,heterogeneous,concept,dr,linear,1,0.1792208913127069,0.16408000000000006,0.01514089131270685,0.02206897735595703
5000,0.0,heterogeneous,concept,tlearner,lgbm,1,0.17141635334965824,0.16408000000000006,0.007336353349658181,1.153442144393921
5000,0.0,heterogeneous,learned,dr,lgbm,1,0.1721629257025315,0.16408000000000006,0.00808292570253144,3.0993659496307373
5000,0.0,heterogeneous,learned,dr,linear,1,0.1624715027766947,0.16408000000000006,0.0016084972233053607,0.022593021392822266
5000,0.0,heterogeneous,learned,tlearner,lgbm,1,0.16689503160676067,0.16408000000000006,0.0028150316067606096,1.080901861190796
5000,0.0,heterogeneous,raw,dr,lgbm,2,0.1575306040572708,0.16408000000000006,0.006549395942729269,4.088598966598511
5000,0.0,heterogeneous,raw,dr,linear,2,0.16517594076787998,0.16408000000000006,0.001095940767879916,0.6001839637756348
5000,0.0,heterogeneous,raw,tlearner,lgbm,2,0.12834045624961835,0.16408000000000006,0.035739543750381714,1.3388400077819824
5000,0.0,heterogeneous,concept,dr,lgbm,2,0.18052891291606052,0.16408000000000006,0.01644891291606046,3.299860954284668
5000,0.0,heterogeneous,concept,dr,linear,2,0.17894102951125293,0.16408000000000006,0.014861029511252871,0.021773815155029297
5000,0.0,heterogeneous,concept,tlearner,lgbm,2,0.1712696350028844,0.16408000000000006,0.0071896350028843314,1.1565020084381104
5000,0.0,heterogeneous,learned,dr,lgbm,2,0.16332868319054575,0.16408000000000006,0.000751316809454311,2.9631879329681396
5000,0.0,heterogeneous,learned,dr,linear,2,0.1778635880931743,0.16408000000000006,0.013783588093174232,0.02097034454345703
5000,0.0,heterogeneous,learned,tlearner,lgbm,2,0.1664995829508909,0.16408000000000006,0.0024195829508908417,1.0478591918945312
5000,0.0,heterogeneous,raw,dr,lgbm,3,0.2068548287468465,0.16408000000000006,0.04277482874684643,4.006972312927246
5000,0.0,heterogeneous,raw,dr,linear,3,0.1806725053341897,0.16408000000000006,0.016592505334189628,0.6269838809967041
5000,0.0,heterogeneous,raw,tlearner,lgbm,3,0.14891038881843616,0.16408000000000006,0.015169611181563902,1.2971510887145996
5000,0.0,heterogeneous,concept,dr,lgbm,3,0.19624481768211746,0.16408000000000006,0.0321648176821174,3.264354944229126
5000,0.0,heterogeneous,concept,dr,linear,3,0.1982931602247824,0.16408000000000006,0.03421316022478235,0.021924972534179688
5000,0.0,heterogeneous,concept,tlearner,lgbm,3,0.18747371150656789,0.16408000000000006,0.023393711506567827,1.1420679092407227
5000,0.0,heterogeneous,learned,dr,lgbm,3,0.1866215663127268,0.16408000000000006,0.022541566312726746,3.1095621585845947
5000,0.0,heterogeneous,learned,dr,linear,3,0.17921979010411604,0.16408000000000006,0.01513979010411598,0.02125406265258789
5000,0.0,heterogeneous,learned,tlearner,lgbm,3,0.17469655632010003,0.16408000000000006,0.010616556320099974,1.0502519607543945
5000,0.0,heterogeneous,raw,dr,lgbm,4,0.010702776356927077,0.16408000000000006,0.153377223643073,4.003176927566528
5000,0.0,heterogeneous,raw,dr,linear,4,-0.09269106281581709,0.16408000000000006,0.25677106281581713,0.6165549755096436
5000,0.0,heterogeneous,raw,tlearner,lgbm,4,0.12220395428488809,0.16408000000000006,0.04187604571511197,1.2877659797668457
5000,0.0,heterogeneous,concept,dr,lgbm,4,0.17684072296255776,0.16408000000000006,0.012760722962557702,3.372681140899658
5000,0.0,heterogeneous,concept,dr,linear,4,0.17677641436945687,0.16408000000000006,0.012696414369456815,0.023501873016357422
5000,0.0,heterogeneous,concept,tlearner,lgbm,4,0.1668954198096805,0.16408000000000006,0.0028154198096804472,1.2018020153045654
5000,0.0,heterogeneous,learned,dr,lgbm,4,0.21014312483922534,0.16408000000000006,0.04606312483922528,2.9631261825561523
5000,0.0,heterogeneous,learned,dr,linear,4,0.22199739903610935,0.16408000000000006,0.05791739903610929,0.021616220474243164
5000,0.0,heterogeneous,learned,tlearner,lgbm,4,0.176904015118098,0.16408000000000006,0.012824015118097942,1.0563669204711914
5000,0.0,heterogeneous,raw,dr,lgbm,5,0.19774748965224115,0.16408000000000006,0.03366748965224109,4.039252996444702
5000,0.0,heterogeneous,raw,dr,linear,5,0.1314502036647827,0.16408000000000006,0.03262979633521737,0.6340432167053223
5000,0.0,heterogeneous,raw,tlearner,lgbm,5,0.1059304999063725,0.16408000000000006,0.05814950009362756,1.3402948379516602
5000,0.0,heterogeneous,concept,dr,lgbm,5,0.15627854102461997,0.16408000000000006,0.007801458975380093,3.3751940727233887
5000,0.0,heterogeneous,concept,dr,linear,5,0.1570590981546971,0.16408000000000006,0.007020901845302963,0.022520065307617188
5000,0.0,heterogeneous,concept,tlearner,lgbm,5,0.15207724392518507,0.16408000000000006,0.01200275607481499,1.2146451473236084
5000,0.0,heterogeneous,learned,dr,lgbm,5,0.13158006611687312,0.16408000000000006,0.03249993388312694,2.9650628566741943
5000,0.0,heterogeneous,learned,dr,linear,5,0.12966158535109915,0.16408000000000006,0.034418414648900914,0.021106958389282227
5000,0.0,heterogeneous,learned,tlearner,lgbm,5,0.13679549163915658,0.16408000000000006,0.02728450836084348,1.0475211143493652
5000,0.0,heterogeneous,raw,dr,lgbm,6,0.20650778176945045,0.16408000000000006,0.04242778176945039,4.177044868469238
5000,0.0,heterogeneous,raw,dr,linear,6,0.2833027904663248,0.16408000000000006,0.11922279046632472,0.6387372016906738
5000,0.0,heterogeneous,raw,tlearner,lgbm,6,0.12863284838194414,0.16408000000000006,0.03544715161805592,1.3301968574523926
5000,0.0,heterogeneous,concept,dr,lgbm,6,0.1812920932108056,0.16408000000000006,0.01721209321080555,3.260406970977783
5000,0.0,heterogeneous,concept,dr,linear,6,0.1777408049074589,0.16408000000000006,0.013660804907458829,0.021581172943115234
5000,0.0,heterogeneous,concept,tlearner,lgbm,6,0.17055658193409623,0.16408000000000006,0.0064765819340961706,1.169372320175171
5000,0.0,heterogeneous,learned,dr,lgbm,6,0.17972112520389552,0.16408000000000006,0.015641125203895462,2.9184927940368652
5000,0.0,heterogeneous,learned,dr,linear,6,0.17895091160565138,0.16408000000000006,0.014870911605651321,0.0216519832611084
5000,0.0,heterogeneous,learned,tlearner,lgbm,6,0.17693292074307646,0.16408000000000006,0.012852920743076396,1.0296061038970947
5000,0.0,heterogeneous,raw,dr,lgbm,7,0.15263525152284393,0.16408000000000006,0.011444748477156125,3.9779069423675537
5000,0.0,heterogeneous,raw,dr,linear,7,0.05462954362410433,0.16408000000000006,0.10945045637589573,0.6257081031799316
5000,0.0,heterogeneous,raw,tlearner,lgbm,7,0.10374287293567588,0.16408000000000006,0.060337127064324175,1.2993268966674805
5000,0.0,heterogeneous,concept,dr,lgbm,7,0.16982053920309012,0.16408000000000006,0.0057405392030900615,3.2619190216064453
5000,0.0,heterogeneous,concept,dr,linear,7,0.1689540436924924,0.16408000000000006,0.004874043692492336,0.021975994110107422
5000,0.0,heterogeneous,concept,tlearner,lgbm,7,0.16207169168522345,0.16408000000000006,0.002008308314776608,1.1792218685150146
5000,0.0,heterogeneous,learned,dr,lgbm,7,0.14792392645421532,0.16408000000000006,0.016156073545784744,3.081052780151367
5000,0.0,heterogeneous,learned,dr,linear,7,0.14792359876361746,0.16408000000000006,0.016156401236382595,0.021181106567382812
5000,0.0,heterogeneous,learned,tlearner,lgbm,7,0.1431847418190163,0.16408000000000006,0.020895258180983756,1.0526351928710938
5000,0.0,heterogeneous,raw,dr,lgbm,8,0.1259240706477172,0.16408000000000006,0.03815592935228285,3.966359853744507
5000,0.0,heterogeneous,raw,dr,linear,8,0.04781974519187876,0.16408000000000006,0.1162602548081213,0.6046969890594482
5000,0.0,heterogeneous,raw,tlearner,lgbm,8,0.1060575874010752,0.16408000000000006,0.05802241259892486,1.2884130477905273
5000,0.0,heterogeneous,concept,dr,lgbm,8,0.1796236608336599,0.16408000000000006,0.01554366083365985,3.1459217071533203
5000,0.0,heterogeneous,concept,dr,linear,8,0.16896809044315578,0.16408000000000006,0.004888090443155718,0.021862030029296875
5000,0.0,heterogeneous,concept,tlearner,lgbm,8,0.16590787580399433,0.16408000000000006,0.0018278758039942666,1.1527018547058105
5000,0.0,heterogeneous,learned,dr,lgbm,8,0.1493156712115035,0.16408000000000006,0.014764328788496567,2.9887921810150146
5000,0.0,heterogeneous,learned,dr,linear,8,0.14648929454753723,0.16408000000000006,0.01759070545246283,0.02163100242614746
5000,0.0,heterogeneous,learned,tlearner,lgbm,8,0.1454231814874327,0.16408000000000006,0.01865681851256737,1.0672788619995117
5000,0.0,heterogeneous,raw,dr,lgbm,9,-0.017303289718524722,0.16408000000000006,0.18138328971852477,4.132827281951904
5000,0.0,heterogeneous,raw,dr,linear,9,0.002222725795814916,0.16408000000000006,0.16185727420418514,0.6280770301818848
5000,0.0,heterogeneous,raw,tlearner,lgbm,9,0.11526246798441232,0.16408000000000006,0.048817532015587736,1.3055896759033203
5000,0.0,heterogeneous,concept,dr,lgbm,9,0.1907394959780934,0.16408000000000006,0.026659495978093334,3.3527629375457764
5000,0.0,heterogeneous,concept,dr,linear,9,0.18178774958055893,0.16408000000000006,0.017707749580558874,0.022845029830932617
5000,0.0,heterogeneous,concept,tlearner,lgbm,9,0.17231991052344184,0.16408000000000006,0.008239910523441779,1.2414162158966064
5000,0.0,heterogeneous,learned,dr,lgbm,9,0.13929732266542633,0.16408000000000006,0.024782677334573733,2.904071092605591
5000,0.0,heterogeneous,learned,dr,linear,9,0.1468313863583697,0.16408000000000006,0.017248613641630356,0.02161097526550293
5000,0.0,heterogeneous,learned,tlearner,lgbm,9,0.14248709349983638,0.16408000000000006,0.021592906500163683,0.9946761131286621
10000,0.0,heterogeneous,raw,dr,lgbm,0,0.13734753226872246,0.16408000000000006,0.026732467731277604,5.2077391147613525
10000,0.0,heterogeneous,raw,dr,linear,0,0.14477523787483432,0.16408000000000006,0.019304762125165742,1.1805670261383057
10000,0.0,heterogeneous,raw,tlearner,lgbm,0,0.12406737472839191,0.16408000000000006,0.04001262527160815,1.6026310920715332
10000,0.0,heterogeneous,concept,dr,lgbm,0,0.1667751803253654,0.16408000000000006,0.0026951803253653372,3.800220012664795
10000,0.0,heterogeneous,concept,dr,linear,0,0.17027884174072228,0.16408000000000006,0.006198841740722216,0.031599998474121094
10000,0.0,heterogeneous,concept,tlearner,lgbm,0,0.16373354441859916,0.16408000000000006,0.00034645558140089516,1.2848491668701172
10000,0.0,heterogeneous,learned,dr,lgbm,0,0.16359501491541217,0.16408000000000006,0.0004849850845878856,3.184305191040039
10000,0.0,heterogeneous,learned,dr,linear,0,0.16502105259819796,0.16408000000000006,0.0009410525981979057,0.03341484069824219
10000,0.0,heterogeneous,learned,tlearner,lgbm,0,0.16381391833239548,0.16408000000000006,0.00026608166760458407,1.1435420513153076
10000,0.0,heterogeneous,raw,dr,lgbm,1,0.15860966305086413,0.16408000000000006,0.005470336949135929,4.951604843139648
10000,0.0,heterogeneous,raw,dr,linear,1,0.14556844330647722,0.16408000000000006,0.018511556693522835,1.2065620422363281
10000,0.0,heterogeneous,raw,tlearner,lgbm,1,0.1177461228809415,0.16408000000000006,0.046333877119058564,1.4852111339569092
10000,0.0,heterogeneous,concept,dr,lgbm,1,0.16846459783166837,0.16408000000000006,0.004384597831668308,3.584005832672119
10000,0.0,heterogeneous,concept,dr,linear,1,0.17071519395608942,0.16408000000000006,0.006635193956089358,0.03297710418701172
10000,0.0,heterogeneous,concept,tlearner,lgbm,1,0.16327878469920193,0.16408000000000006,0.0008012153007981304,1.3143739700317383
10000,0.0,heterogeneous,learned,dr,lgbm,1,0.15848843945048274,0.16408000000000006,0.005591560549517316,3.3619883060455322
10000,0.0,heterogeneous,learned,dr,linear,1,0.1573951810631543,0.16408000000000006,0.006684818936845749,0.032670021057128906
10000,0.0,heterogeneous,learned,tlearner,lgbm,1,0.15866932450240978,0.16408000000000006,0.005410675497590278,1.2260353565216064
10000,0.0,heterogeneous,raw,dr,lgbm,2,0.12744346402731063,0.16408000000000006,0.03663653597268943,4.870055913925171
10000,0.0,heterogeneous,raw,dr,linear,2,0.13945953182036255,0.16408000000000006,0.024620468179637506,1.092785120010376
10000,0.0,heterogeneous,raw,tlearner,lgbm,2,0.1412914389678712,0.16408000000000006,0.022788561032128868,1.4497771263122559
10000,0.0,heterogeneous,concept,dr,lgbm,2,0.1842684538709125,0.16408000000000006,0.02018845387091245,3.6588268280029297
10000,0.0,heterogeneous,concept,dr,linear,2,0.18587897797218644,0.16408000000000006,0.021798977972186384,0.03263592720031738
10000,0.0,heterogeneous,concept,tlearner,lgbm,2,0.17838258287548286,0.16408000000000006,0.014302582875482805,1.3401122093200684
10000,0.0,heterogeneous,learned,dr,lgbm,2,0.19112865986257027,0.16408000000000006,0.027048659862570212,3.4174678325653076
10000,0.0,heterogeneous,learned,dr,linear,2,0.20243779982931492,0.16408000000000006,0.038357799829314865,0.03482985496520996
10000,0.0,heterogeneous,learned,tlearner,lgbm,2,0.1879759265705753,0.16408000000000006,0.023895926570575238,1.2176868915557861
10000,0.0,heterogeneous,raw,dr,lgbm,3,0.17523240836316464,0.16408000000000006,0.011152408363164584,4.852183103561401
10000,0.0,heterogeneous,raw,dr,linear,3,0.193703293736161,0.16408000000000006,0.029623293736160933,1.1149349212646484
10000,0.0,heterogeneous,raw,tlearner,lgbm,3,0.14778512994591791,0.16408000000000006,0.016294870054082145,1.4524848461151123
10000,0.0,heterogeneous,concept,dr,lgbm,3,0.1838051722954582,0.16408000000000006,0.019725172295458143,3.620075225830078
10000,0.0,heterogeneous,concept,dr,linear,3,0.18901567649763543,0.16408000000000006,0.024935676497635367,0.03185296058654785
10000,0.0,heterogeneous,concept,tlearner,lgbm,3,0.18362101353716348,0.16408000000000006,0.01954101353716342,1.3319802284240723
10000,0.0,heterogeneous,learned,dr,lgbm,3,0.18737477141953254,0.16408000000000006,0.023294771419532484,3.4233620166778564
10000,0.0,heterogeneous,learned,dr,linear,3,0.1887042847786349,0.16408000000000006,0.024624284778634847,0.031865835189819336
10000,0.0,heterogeneous,learned,tlearner,lgbm,3,0.1888898732617712,0.16408000000000006,0.024809873261771143,1.2402911186218262
10000,0.0,heterogeneous,raw,dr,lgbm,4,0.14449648475609808,0.16408000000000006,0.019583515243901978,5.017683029174805
10000,0.0,heterogeneous,raw,dr,linear,4,0.16466051209102522,0.16408000000000006,0.0005805120910251649,1.2320969104766846
10000,0.0,heterogeneous,raw,tlearner,lgbm,4,0.13144380770650782,0.16408000000000006,0.03263619229349224,1.4734797477722168
10000,0.0,heterogeneous,concept,dr,lgbm,4,0.17296038408560424,0.16408000000000006,0.008880384085604182,3.6057941913604736
10000,0.0,heterogeneous,concept,dr,linear,4,0.17831226575457174,0.16408000000000006,0.014232265754571677,0.03278708457946777
10000,0.0,heterogeneous,concept,tlearner,lgbm,4,0.1699965574252397,0.16408000000000006,0.005916557425239638,1.4240679740905762
10000,0.0,heterogeneous,learned,dr,lgbm,4,0.1717619383329562,0.16408000000000006,0.007681938332956134,3.2373368740081787
10000,0.0,heterogeneous,learned,dr,linear,4,0.17763388827402196,0.16408000000000006,0.013553888274021902,0.032378196716308594
10000,0.0,heterogeneous,learned,tlearner,lgbm,4,0.17375059516866384,0.16408000000000006,0.009670595168663781,1.1683099269866943
10000,0.0,heterogeneous,raw,dr,lgbm,5,0.15109228017566467,0.16408000000000006,0.012987719824335386,4.974225997924805
10000,0.0,heterogeneous,raw,dr,linear,5,0.15324188833385435,0.16408000000000006,0.010838111666145706,1.1353826522827148
10000,0.0,heterogeneous,raw,tlearner,lgbm,5,0.1037066822128928,0.16408000000000006,0.060373317787107264,1.4998891353607178
10000,0.0,heterogeneous,concept,dr,lgbm,5,0.16483183124506134,0.16408000000000006,0.0007518312450612852,3.679621934890747
10000,0.0,heterogeneous,concept,dr,linear,5,0.1641404598777016,0.16408000000000006,6.045987770153527e-05,0.03232312202453613
10000,0.0,heterogeneous,concept,tlearner,lgbm,5,0.15938217806144445,0.16408000000000006,0.004697821938555613,1.3287291526794434
10000,0.0,heterogeneous,learned,dr,lgbm,5,0.13007673766637654,0.16408000000000006,0.034003262333623524,3.3387742042541504
10000,0.0,heterogeneous,learned,dr,linear,5,0.12551012422624608,0.16408000000000006,0.03856987577375398,0.03258490562438965
10000,0.0,heterogeneous,learned,tlearner,lgbm,5,0.1330656600250036,0.16408000000000006,0.031014339974996447,1.136979341506958
10000,0.0,heterogeneous,raw,dr,lgbm,6,0.13335337811043205,0.16408000000000006,0.030726621889568012,5.003834962844849
10000,0.0,heterogeneous,raw,dr,linear,6,0.14911415266813396,0.16408000000000006,0.014965847331866095,1.111717700958252
10000,0.0,heterogeneous,raw,tlearner,lgbm,6,0.12099520619384985,0.16408000000000006,0.04308479380615021,1.4884390830993652
10000,0.0,heterogeneous,concept,dr,lgbm,6,0.17921495904085447,0.16408000000000006,0.015134959040854407,3.6568498611450195
10000,0.0,heterogeneous,concept,dr,linear,6,0.1777771026802233,0.16408000000000006,0.013697102680223228,0.03276801109313965
10000,0.0,heterogeneous,concept,tlearner,lgbm,6,0.1704548848526546,0.16408000000000006,0.006374884852654528,1.3058538436889648
10000,0.0,heterogeneous,learned,dr,lgbm,6,0.15839383328181372,0.16408000000000006,0.005686166718186336,3.2337419986724854
10000,0.0,heterogeneous,learned,dr,linear,6,0.1624577203739285,0.16408000000000006,0.00162227962607156,0.031903982162475586
10000,0.0,heterogeneous,learned,tlearner,lgbm,6,0.16472468162853077,0.16408000000000006,0.0006446816285307078,1.1620919704437256
10000,0.0,heterogeneous,raw,dr,lgbm,7,0.13451405366196528,0.16408000000000006,0.029565946338034776,4.865757942199707
10000,0.0,heterogeneous,raw,dr,linear,7,0.11708545453825558,0.16408000000000006,0.046994545461744475,1.1398096084594727
10000,0.0,heterogeneous,raw,tlearner,lgbm,7,0.12371045373031309,0.16408000000000006,0.04036954626968697,1.4305660724639893
10000,0.0,heterogeneous,concept,dr,lgbm,7,0.1779662344310313,0.16408000000000006,0.013886234431031236,3.6877050399780273
10000,0.0,heterogeneous,concept,dr,linear,7,0.17827314993690252,0.16408000000000006,0.01419314993690246,0.0325472354888916
10000,0.0,heterogeneous,concept,tlearner,lgbm,7,0.17047690674453495,0.16408000000000006,0.006396906744534886,1.3429720401763916
10000,0.0,heterogeneous,learned,dr,lgbm,7,0.1512026033501521,0.16408000000000006,0.012877396649847966,3.299163818359375
10000,0.0,heterogeneous,learned,dr,linear,7,0.15460248650300465,0.16408000000000006,0.00947751349699541,0.03230905532836914
10000,0.0,heterogeneous,learned,tlearner,lgbm,7,0.15442539949360234,0.16408000000000006,0.009654600506397715,1.186004877090454
10000,0.0,heterogeneous,raw,dr,lgbm,8,0.13560265127338716,0.16408000000000006,0.028477348726612894,4.930548906326294
10000,0.0,heterogeneous,raw,dr,linear,8,0.1286150400486794,0.16408000000000006,0.03546495995132065,1.143880844116211
10000,0.0,heterogeneous,raw,tlearner,lgbm,8,0.11483877933092586,0.16408000000000006,0.0492412206690742,1.4521281719207764
10000,0.0,heterogeneous,concept,dr,lgbm,8,0.17170152155770868,0.16408000000000006,0.0076215215577086215,3.7041211128234863
10000,0.0,heterogeneous,concept,dr,linear,8,0.17166972721684753,0.16408000000000006,0.007589727216847475,0.0313868522644043
10000,0.0,heterogeneous,concept,tlearner,lgbm,8,0.1661412320690389,0.16408000000000006,0.002061232069038854,1.3440051078796387
10000,0.0,heterogeneous,learned,dr,lgbm,8,0.15956203724892928,0.16408000000000006,0.004517962751070775,3.415361166000366
10000,0.0,heterogeneous,learned,dr,linear,8,0.1633719283948198,0.16408000000000006,0.0007080716051802716,0.03282523155212402
10000,0.0,heterogeneous,learned,tlearner,lgbm,8,0.16235410377117515,0.16408000000000006,0.001725896228824908,1.1956238746643066
10000,0.0,heterogeneous,raw,dr,lgbm,9,0.1427202019825824,0.16408000000000006,0.021359798017417664,5.079097270965576
10000,0.0,heterogeneous,raw,dr,linear,9,0.16576773310807552,0.16408000000000006,0.001687733108075462,1.1887891292572021
10000,0.0,heterogeneous,raw,tlearner,lgbm,9,0.1268322169902753,0.16408000000000006,0.037247783009724755,1.5185129642486572
10000,0.0,heterogeneous,concept,dr,lgbm,9,0.18202504187039228,0.16408000000000006,0.017945041870392225,3.7009899616241455
10000,0.0,heterogeneous,concept,dr,linear,9,0.18376803046917856,0.16408000000000006,0.019688030469178497,0.032675981521606445
10000,0.0,heterogeneous,concept,tlearner,lgbm,9,0.1768600818883123,0.16408000000000006,0.012780081888312228,1.317378044128418
10000,0.0,heterogeneous,learned,dr,lgbm,9,0.16385167646075796,0.16408000000000006,0.00022832353924209792,3.3939692974090576
10000,0.0,heterogeneous,learned,dr,linear,9,0.16458317848195736,0.16408000000000006,0.0005031784819573004,0.032302141189575195
10000,0.0,heterogeneous,learned,tlearner,lgbm,9,0.16401621142191458,0.16408000000000006,6.378857808547744e-05,1.2025368213653564
20000,0.0,heterogeneous,raw,dr,lgbm,0,0.1223761867859209,0.16408000000000006,0.04170381321407916,6.55464506149292
20000,0.0,heterogeneous,raw,dr,linear,0,0.13344016451090832,0.16408000000000006,0.030639835489091743,2.1102941036224365
20000,0.0,heterogeneous,raw,tlearner,lgbm,0,0.12311282892256795,0.16408000000000006,0.04096717107743211,1.744429111480713
20000,0.0,heterogeneous,concept,dr,lgbm,0,0.16964423081933533,0.16408000000000006,0.00556423081933527,3.9946298599243164
20000,0.0,heterogeneous,concept,dr,linear,0,0.1729681794540505,0.16408000000000006,0.008888179454050432,0.05487680435180664
20000,0.0,heterogeneous,concept,tlearner,lgbm,0,0.1658184212892411,0.16408000000000006,0.0017384212892410378,1.4623908996582031
20000,0.0,heterogeneous,learned,dr,lgbm,0,0.15649930582856375,0.16408000000000006,0.0075806941714363085,3.9338810443878174
20000,0.0,heterogeneous,learned,dr,linear,0,0.16304822421554804,0.16408000000000006,0.001031775784452016,0.054979801177978516
20000,0.0,heterogeneous,learned,tlearner,lgbm,0,0.1587878850085722,0.16408000000000006,0.005292114991427871,1.3908159732818604
20000,0.0,heterogeneous,raw,dr,lgbm,1,0.13481931608550404,0.16408000000000006,0.029260683914496016,6.612390995025635
20000,0.0,heterogeneous,raw,dr,linear,1,0.1579962516284741,0.16408000000000006,0.006083748371525949,2.1643431186676025
20000,0.0,heterogeneous,raw,tlearner,lgbm,1,0.12418054262426528,0.16408000000000006,0.039899457375734776,1.7541460990905762
20000,0.0,heterogeneous,concept,dr,lgbm,1,0.16942055771965414,0.16408000000000006,0.005340557719654082,4.033524990081787
20000,0.0,heterogeneous,concept,dr,linear,1,0.17405032075433918,0.16408000000000006,0.009970320754339124,0.05430293083190918
20000,0.0,heterogeneous,concept,tlearner,lgbm,1,0.16796037153028318,0.16408000000000006,0.0038803715302831165,1.5024008750915527
20000,0.0,heterogeneous,learned,dr,lgbm,1,0.16012693572205833,0.16408000000000006,0.003953064277941731,3.733475685119629
20000,0.0,heterogeneous,learned,dr,linear,1,0.16724273192593928,0.16408000000000006,0.003162731925939216,0.05546283721923828
20000,0.0,heterogeneous,learned,tlearner,lgbm,1,0.16354592379909175,0.16408000000000006,0.0005340762009083122,1.334549903869629
20000,0.0,heterogeneous,raw,dr,lgbm,2,0.12378352703586533,0.16408000000000006,0.04029647296413473,6.5652830600738525
20000,0.0,heterogeneous,raw,dr,linear,2,0.13121930445552135,0.16408000000000006,0.03286069554447871,2.148420810699463
20000,0.0,heterogeneous,raw,tlearner,lgbm,2,0.1296622011525438,0.16408000000000006,0.03441779884745627,1.7180180549621582
20000,0.0,heterogeneous,concept,dr,lgbm,2,0.17544140758527887,0.16408000000000006,0.011361407585278815,4.078749895095825
20000,0.0,heterogeneous,concept,dr,linear,2,0.18145093268193427,0.16408000000000006,0.01737093268193421,0.05405282974243164
20000,0.0,heterogeneous,concept,tlearner,lgbm,2,0.17447810756028959,0.16408000000000006,0.010398107560289527,1.505108118057251
20000,0.0,heterogeneous,learned,dr,lgbm,2,0.17017721400466615,0.16408000000000006,0.0060972140046660905,3.888258695602417
20000,0.0,heterogeneous,learned,dr,linear,2,0.17528762255802513,0.16408000000000006,0.011207622558025071,0.06130719184875488
20000,0.0,heterogeneous,learned,tlearner,lgbm,2,0.16902830184337664,0.16408000000000006,0.004948301843376579,1.3829588890075684
20000,0.0,heterogeneous,raw,dr,lgbm,3,0.15566101809554295,0.16408000000000006,0.008418981904457112,6.484694004058838
20000,0.0,heterogeneous,raw,dr,linear,3,0.15422397912977082,0.16408000000000006,0.009856020870229243,2.1580989360809326
20000,0.0,heterogeneous,raw,tlearner,lgbm,3,0.12557124972694228,0.16408000000000006,0.03850875027305778,1.6904311180114746
20000,0.0,heterogeneous,concept,dr,lgbm,3,0.17265508868022128,0.16408000000000006,0.008575088680221221,4.033722162246704
20000,0.0,heterogeneous,concept,dr,linear,3,0.1779738976861232,0.16408000000000006,0.013893897686123147,0.05396676063537598
20000,0.0,heterogeneous,concept,tlearner,lgbm,3,0.16947349537693826,0.16408000000000006,0.005393495376938201,1.4479851722717285
20000,0.0,heterogeneous,learned,dr,lgbm,3,0.16473415578307288,0.16408000000000006,0.0006541557830728184,3.8432869911193848
20000,0.0,heterogeneous,learned,dr,linear,3,0.17033556366256758,0.16408000000000006,0.00625556366256752,0.05437016487121582
20000,0.0,heterogeneous,learned,tlearner,lgbm,3,0.1647904737995024,0.16408000000000006,0.0007104737995023425,1.350750207901001
20000,0.0,heterogeneous,raw,dr,lgbm,4,0.11228203876168932,0.16408000000000006,0.051797961238310736,6.528893947601318
20000,0.0,heterogeneous,raw,dr,linear,4,0.11466794214170402,0.16408000000000006,0.04941205785829604,2.1156880855560303
20000,0.0,heterogeneous,raw,tlearner,lgbm,4,0.11645321267190846,0.16408000000000006,0.0476267873280916,1.7103092670440674
20000,0.0,heterogeneous,concept,dr,lgbm,4,0.16610109258776745,0.16408000000000006,0.0020210925877673924,4.009084939956665
20000,0.0,heterogeneous,concept,dr,linear,4,0.17081341787633955,0.16408000000000006,0.0067334178763394925,0.053871870040893555
20000,0.0,heterogeneous,concept,tlearner,lgbm,4,0.1632235544670872,0.16408000000000006,0.000856445532912864,1.4644851684570312
20000,0.0,heterogeneous,learned,dr,lgbm,4,0.16012102619919305,0.16408000000000006,0.0039589738008070086,3.9255969524383545
20000,0.0,heterogeneous,learned,dr,linear,4,0.16691677810476163,0.16408000000000006,0.0028367781047615725,0.054611921310424805
20000,0.0,heterogeneous,learned,tlearner,lgbm,4,0.16207416839990568,0.16408000000000006,0.0020058316000943766,1.3732690811157227
20000,0.0,heterogeneous,raw,dr,lgbm,5,0.11875580130347328,0.16408000000000006,0.04532419869652678,6.515052795410156
20000,0.0,heterogeneous,raw,dr,linear,5,0.1244499075160118,0.16408000000000006,0.03963009248398826,2.1330130100250244
20000,0.0,heterogeneous,raw,tlearner,lgbm,5,0.11617893950586558,0.16408000000000006,0.04790106049413448,1.7197978496551514
20000,0.0,heterogeneous,concept,dr,lgbm,5,0.17234553458842114,0.16408000000000006,0.00826553458842108,4.028300046920776
20000,0.0,heterogeneous,concept,dr,linear,5,0.173768273317344,0.16408000000000006,0.009688273317343954,0.05486583709716797
20000,0.0,heterogeneous,concept,tlearner,lgbm,5,0.16945841194456707,0.16408000000000006,0.0053784119445670076,1.4877290725708008
20000,0.0,heterogeneous,learned,dr,lgbm,5,0.16010504734820324,0.16408000000000006,0.003974952651796815,3.799431085586548
20000,0.0,heterogeneous,learned,dr,linear,5,0.16183827260413491,0.16408000000000006,0.002241727395865145,0.055169105529785156
20000,0.0,heterogeneous,learned,tlearner,lgbm,5,0.1607648665571162,0.16408000000000006,0.0033151334428838664,1.3857707977294922
20000,0.0,heterogeneous,raw,dr,lgbm,6,0.11706153287409754,0.16408000000000006,0.04701846712590252,6.592694044113159
20000,0.0,heterogeneous,raw,dr,linear,6,0.13119808214399734,0.16408000000000006,0.032881917856002724,2.0859220027923584
20000,0.0,heterogeneous,raw,tlearner,lgbm,6,0.12281587534703357,0.16408000000000006,0.041264124652966486,1.7243008613586426
20000,0.0,heterogeneous,concept,dr,lgbm,6,0.17323924363555576,0.16408000000000006,0.009159243635555703,4.083277940750122
20000,0.0,heterogeneous,concept,dr,linear,6,0.1768112232710943,0.16408000000000006,0.012731223271094244,0.053025007247924805
20000,0.0,heterogeneous,concept,tlearner,lgbm,6,0.1696280046126615,0.16408000000000006,0.005548004612661445,1.5009198188781738
20000,0.0,heterogeneous,learned,dr,lgbm,6,0.16385483524404934,0.16408000000000006,0.0002251647559507186,3.9339139461517334
20000,0.0,heterogeneous,learned,dr,linear,6,0.16995841866400827,0.16408000000000006,0.005878418664008206,0.05532097816467285
20000,0.0,heterogeneous,learned,tlearner,lgbm,6,0.16457970267555427,0.16408000000000006,0.0004997026755542144,1.3975868225097656
20000,0.0,heterogeneous,raw,dr,lgbm,7,0.10513332816648223,0.16408000000000006,0.05894667183351783,6.612504005432129
20000,0.0,heterogeneous,raw,dr,linear,7,0.1145843128602243,0.16408000000000006,0.04949568713977576,2.22294020652771
20000,0.0,heterogeneous,raw,tlearner,lgbm,7,0.12062819237864213,0.16408000000000006,0.04345180762135793,1.692338228225708
20000,0.0,heterogeneous,concept,dr,lgbm,7,0.17074299444422691,0.16408000000000006,0.006662994444226855,3.9818837642669678
20000,0.0,heterogeneous,concept,dr,linear,7,0.17478587534308093,0.16408000000000006,0.010705875343080873,0.05416703224182129
20000,0.0,heterogeneous,concept,tlearner,lgbm,7,0.16814059502881556,0.16408000000000006,0.004060595028815506,1.4663019180297852
20000,0.0,heterogeneous,learned,dr,lgbm,7,0.1606192925144515,0.16408000000000006,0.003460707485548553,3.8477418422698975
20000,0.0,heterogeneous,learned,dr,linear,7,0.16686542844506252,0.16408000000000006,0.0027854284450624656,0.05508685111999512
20000,0.0,heterogeneous,learned,tlearner,lgbm,7,0.15989935632710692,0.16408000000000006,0.004180643672893142,1.433603048324585
20000,0.0,heterogeneous,raw,dr,lgbm,8,0.12741146924947896,0.16408000000000006,0.036668530750521094,6.475979804992676
20000,0.0,heterogeneous,raw,dr,linear,8,0.1286995008859946,0.16408000000000006,0.035380499114005454,2.1630477905273438
20000,0.0,heterogeneous,raw,tlearner,lgbm,8,0.11792977848643406,0.16408000000000006,0.046150221513566,1.7101161479949951
20000,0.0,heterogeneous,concept,dr,lgbm,8,0.16712922999702973,0.16408000000000006,0.0030492299970296677,3.9560892581939697
20000,0.0,heterogeneous,concept,dr,linear,8,0.17082118337064964,0.16408000000000006,0.006741183370649578,0.053324222564697266
20000,0.0,heterogeneous,concept,tlearner,lgbm,8,0.16407658074128373,0.16408000000000006,3.419258716330642e-06,1.4221689701080322
20000,0.0,heterogeneous,learned,dr,lgbm,8,0.15392419458494358,0.16408000000000006,0.01015580541505648,3.9012439250946045
20000,0.0,heterogeneous,learned,dr,linear,8,0.1590273984569236,0.16408000000000006,0.005052601543076463,0.05523371696472168
20000,0.0,heterogeneous,learned,tlearner,lgbm,8,0.15360033910278434,0.16408000000000006,0.01047966089721572,1.3816661834716797
20000,0.0,heterogeneous,raw,dr,lgbm,9,0.1301880878904138,0.16408000000000006,0.03389191210958625,6.463925838470459
20000,0.0,heterogeneous,raw,dr,linear,9,0.13376738286390114,0.16408000000000006,0.030312617136098924,2.129680871963501
20000,0.0,heterogeneous,raw,tlearner,lgbm,9,0.12180853923127456,0.16408000000000006,0.0422714607687255,1.7200350761413574
20000,0.0,heterogeneous,concept,dr,lgbm,9,0.1778456481192884,0.16408000000000006,0.013765648119288348,4.038892030715942
20000,0.0,heterogeneous,concept,dr,linear,9,0.18152027256989148,0.16408000000000006,0.01744027256989142,0.05498099327087402
20000,0.0,heterogeneous,concept,tlearner,lgbm,9,0.17502614679857292,0.16408000000000006,0.010946146798572864,1.4931700229644775
20000,0.0,heterogeneous,learned,dr,lgbm,9,0.16302380591751742,0.16408000000000006,0.0010561940824826421,3.8343989849090576
20000,0.0,heterogeneous,learned,dr,linear,9,0.1654781987319286,0.16408000000000006,0.001398198731928535,0.05431509017944336
20000,0.0,heterogeneous,learned,tlearner,lgbm,9,0.1634220231300019,0.16408000000000006,0.0006579768699981614,1.3748359680175781
1000,0.3,heterogeneous,raw,dr,lgbm,0,0.24729479370847468,0.16408000000000006,0.08321479370847462,2.629171848297119
1000,0.3,heterogeneous,raw,dr,linear,0,0.11821294668817921,0.16408000000000006,0.04586705331182085,0.13212013244628906
1000,0.3,heterogeneous,raw,tlearner,lgbm,0,0.14235104844395224,0.16408000000000006,0.021728951556047815,0.7700788974761963
1000,0.3,heterogeneous,concept,dr,lgbm,0,0.2501205637693133,0.16408000000000006,0.08604056376931324,2.0435690879821777
1000,0.3,heterogeneous,concept,dr,linear,0,0.26778928079485576,0.16408000000000006,0.1037092807948557,0.012516021728515625
1000,0.3,heterogeneous,concept,tlearner,lgbm,0,0.21293606353901806,0.16408000000000006,0.048856063539018,0.7094142436981201
1000,0.3,heterogeneous,learned,dr,lgbm,0,0.1972850434510009,0.16408000000000006,0.03320504345100084,1.9143948554992676
1000,0.3,heterogeneous,learned,dr,linear,0,0.19381739676106374,0.16408000000000006,0.029737396761063684,0.01201486587524414
1000,0.3,heterogeneous,learned,tlearner,lgbm,0,0.19236876904299022,0.16408000000000006,0.02828876904299016,0.6310791969299316
1000,0.3,heterogeneous,raw,dr,lgbm,1,0.35204028024041845,0.16408000000000006,0.1879602802404184,2.7158641815185547
1000,0.3,heterogeneous,raw,dr,linear,1,0.32546239468342986,0.16408000000000006,0.1613823946834298,0.13214612007141113
1000,0.3,heterogeneous,raw,tlearner,lgbm,1,0.21290677328000454,0.16408000000000006,0.04882677328000448,0.8370769023895264
1000,0.3,heterogeneous,concept,dr,lgbm,1,0.29362218702139564,0.16408000000000006,0.12954218702139558,2.072324752807617
1000,0.3,heterogeneous,concept,dr,linear,1,0.2869935561888573,0.16408000000000006,0.12291355618885724,0.012336015701293945
1000,0.3,heterogeneous,concept,tlearner,lgbm,1,0.25427907854830345,0.16408000000000006,0.09019907854830339,0.7179183959960938
1000,0.3,heterogeneous,learned,dr,lgbm,1,0.19077164233741556,0.16408000000000006,0.0266916423374155,1.9436378479003906
1000,0.3,heterogeneous,learned,dr,linear,1,0.1948475145062646,0.16408000000000006,0.030767514506264554,0.011868000030517578
1000,0.3,heterogeneous,learned,tlearner,lgbm,1,0.17961227123294443,0.16408000000000006,0.015532271232944372,0.6323161125183105
1000,0.3,heterogeneous,raw,dr,lgbm,2,0.8561240386867125,0.16408000000000006,0.6920440386867124,2.652841329574585
1000,0.3,heterogeneous,raw,dr,linear,2,1.1811840027062668,0.16408000000000006,1.0171040027062668,0.13465118408203125
1000,0.3,heterogeneous,raw,tlearner,lgbm,2,0.250018218917363,0.16408000000000006,0.08593821891736292,0.7655379772186279
1000,0.3,heterogeneous,concept,dr,lgbm,2,0.27262679043749366,0.16408000000000006,0.1085467904374936,2.110624074935913
1000,0.3,heterogeneous,concept,dr,linear,2,0.29894716190656884,0.16408000000000006,0.13486716190656878,0.012373924255371094
1000,0.3,heterogeneous,concept,tlearner,lgbm,2,0.2841933954598241,0.16408000000000006,0.12011339545982402,0.7121171951293945
1000,0.3,heterogeneous,learned,dr,lgbm,2,0.2562110666686404,0.16408000000000006,0.09213106666864035,1.9996399879455566
1000,0.3,heterogeneous,learned,dr,linear,2,0.19684071976011427,0.16408000000000006,0.032760719760114215,0.014073848724365234
1000,0.3,heterogeneous,learned,tlearner,lgbm,2,0.30332127409729076,0.16408000000000006,0.1392412740972907,0.6231470108032227
1000,0.3,heterogeneous,raw,dr,lgbm,3,0.5178131704264914,0.16408000000000006,0.3537331704264914,2.709426164627075
1000,0.3,heterogeneous,raw,dr,linear,3,0.8589580420408235,0.16408000000000006,0.6948780420408234,0.13495826721191406
1000,0.3,heterogeneous,raw,tlearner,lgbm,3,0.2678642694455161,0.16408000000000006,0.10378426944551605,0.7975480556488037
1000,0.3,heterogeneous,concept,dr,lgbm,3,0.295276212554167,0.16408000000000006,0.1311962125541669,2.14920711517334
1000,0.3,heterogeneous,concept,dr,linear,3,0.2922273844080499,0.16408000000000006,0.12814738440804985,0.012477397918701172
1000,0.3,heterogeneous,concept,tlearner,lgbm,3,0.2933581829283266,0.16408000000000006,0.12927818292832655,0.7047238349914551
1000,0.3,heterogeneous,learned,dr,lgbm,3,0.32476778093639574,0.16408000000000006,0.16068778093639569,1.9974839687347412
1000,0.3,heterogeneous,learned,dr,linear,3,0.4478346489086276,0.16408000000000006,0.28375464890862756,0.012156009674072266
1000,0.3,heterogeneous,learned,tlearner,lgbm,3,0.2812634811544773,0.16408000000000006,0.11718348115447724,0.6462819576263428
1000,0.3,heterogeneous,raw,dr,lgbm,4,0.8587947908453452,0.16408000000000006,0.694714790845345,2.6371707916259766
1000,0.3,heterogeneous,raw,dr,linear,4,0.31574901769574565,0.16408000000000006,0.1516690176957456,0.13583707809448242
1000,0.3,heterogeneous,raw,tlearner,lgbm,4,0.17049932722152386,0.16408000000000006,0.006419327221523802,0.8005151748657227
1000,0.3,heterogeneous,concept,dr,lgbm,4,0.23371194236047768,0.16408000000000006,0.06963194236047762,2.0864360332489014
1000,0.3,heterogeneous,concept,dr,linear,4,0.1886710254838391,0.16408000000000006,0.02459102548383904,0.012758016586303711
1000,0.3,heterogeneous,concept,tlearner,lgbm,4,0.22826316667290003,0.16408000000000006,0.06418316667289997,0.7276649475097656
1000,0.3,heterogeneous,learned,dr,lgbm,4,0.26225215870523344,0.16408000000000006,0.09817215870523338,2.0058181285858154
1000,0.3,heterogeneous,learned,dr,linear,4,0.21243333019359809,0.16408000000000006,0.048353330193598026,0.012162923812866211
1000,0.3,heterogeneous,learned,tlearner,lgbm,4,0.1724792120999078,0.16408000000000006,0.008399212099907738,0.6321909427642822
1000,0.3,heterogeneous,raw,dr,lgbm,5,0.7787127306352067,0.16408000000000006,0.6146327306352066,2.645731210708618
1000,0.3,heterogeneous,raw,dr,linear,5,0.8823674118804091,0.16408000000000006,0.718287411880409,0.13397884368896484
1000,0.3,heterogeneous,raw,tlearner,lgbm,5,0.2189186080641018,0.16408000000000006,0.054838608064101735,0.778353214263916
1000,0.3,heterogeneous,concept,dr,lgbm,5,0.24082400710213808,0.16408000000000006,0.07674400710213802,2.1818830966949463
1000,0.3,heterogeneous,concept,dr,linear,5,0.24633056129864522,0.16408000000000006,0.08225056129864516,0.012815237045288086
1000,0.3,heterogeneous,concept,tlearner,lgbm,5,0.22861116107916102,0.16408000000000006,0.06453116107916096,0.7317073345184326
1000,0.3,heterogeneous,learned,dr,lgbm,5,0.266288077811324,0.16408000000000006,0.10220807781132396,2.0441179275512695
1000,0.3,heterogeneous,learned,dr,linear,5,0.18350234435875948,0.16408000000000006,0.01942234435875942,0.012091875076293945
1000,0.3,heterogeneous,learned,tlearner,lgbm,5,0.19620412842840376,0.16408000000000006,0.0321241284284037,0.6570391654968262
1000,0.3,heterogeneous,raw,dr,lgbm,6,0.7967664226576002,0.16408000000000006,0.6326864226576001,2.7253119945526123
1000,0.3,heterogeneous,raw,dr,linear,6,0.7447965989699739,0.16408000000000006,0.5807165989699739,0.13488173484802246
1000,0.3,heterogeneous,raw,tlearner,lgbm,6,0.22711858543888166,0.16408000000000006,0.0630385854388816,0.7979001998901367
1000,0.3,heterogeneous,concept,dr,lgbm,6,0.31212191211530194,0.16408000000000006,0.14804191211530188,2.0363030433654785
1000,0.3,heterogeneous,concept,dr,linear,6,0.3159319388678413,0.16408000000000006,0.15185193886784126,0.01255488395690918
1000,0.3,heterogeneous,concept,tlearner,lgbm,6,0.2935712759533002,0.16408000000000006,0.12949127595330012,0.6983559131622314
1000,0.3,heterogeneous,learned,dr,lgbm,6,0.3105141187532765,0.16408000000000006,0.14643411875327644,1.9409871101379395
1000,0.3,heterogeneous,learned,dr,linear,6,0.37455029566927894,0.16408000000000006,0.21047029566927888,0.012001991271972656
1000,0.3,heterogeneous,learned,tlearner,lgbm,6,0.2746693718489863,0.16408000000000006,0.11058937184898626,0.641136884689331
1000,0.3,heterogeneous,raw,dr,lgbm,7,0.5839868961394008,0.16408000000000006,0.41990689613940074,2.5274109840393066
1000,0.3,heterogeneous,raw,dr,linear,7,0.7841928854390877,0.16408000000000006,0.6201128854390876,0.13176703453063965
1000,0.3,heterogeneous,raw,tlearner,lgbm,7,0.18024020914940908,0.16408000000000006,0.01616020914940902,0.7716343402862549
1000,0.3,heterogeneous,concept,dr,lgbm,7,0.20856956986648748,0.16408000000000006,0.044489569866487416,2.0419628620147705
1000,0.3,heterogeneous,concept,dr,linear,7,0.20819454763644177,0.16408000000000006,0.04411454763644171,0.012829065322875977
1000,0.3,heterogeneous,concept,tlearner,lgbm,7,0.21945251835502927,0.16408000000000006,0.05537251835502921,0.7201399803161621
1000,0.3,heterogeneous,learned,dr,lgbm,7,0.2796182121609629,0.16408000000000006,0.11553821216096283,1.9445009231567383
1000,0.3,heterogeneous,learned,dr,linear,7,0.2329330717269418,0.16408000000000006,0.06885307172694174,0.012182950973510742
1000,0.3,heterogeneous,learned,tlearner,lgbm,7,0.18573840192079874,0.16408000000000006,0.02165840192079868,0.6359601020812988
1000,0.3,heterogeneous,raw,dr,lgbm,8,0.11832123762149892,0.16408000000000006,0.04575876237850114,2.617338180541992
1000,0.3,heterogeneous,raw,dr,linear,8,-0.21162897764182378,0.16408000000000006,0.37570897764182387,0.13590502738952637
1000,0.3,heterogeneous,raw,tlearner,lgbm,8,0.14219370420516037,0.16408000000000006,0.021886295794839694,0.8101379871368408
1000,0.3,heterogeneous,concept,dr,lgbm,8,0.22062724216185758,0.16408000000000006,0.056547242161857525,1.984130859375
1000,0.3,heterogeneous,concept,dr,linear,8,0.2000674609274225,0.16408000000000006,0.03598746092742244,0.012618064880371094
1000,0.3,heterogeneous,concept,tlearner,lgbm,8,0.1950297097828946,0.16408000000000006,0.030949709782894547,0.7146921157836914
1000,0.3,heterogeneous,learned,dr,lgbm,8,0.21401108115975953,0.16408000000000006,0.04993108115975947,1.8663108348846436
1000,0.3,heterogeneous,learned,dr,linear,8,0.1609950517125032,0.16408000000000006,0.0030849482874968637,0.01202392578125
1000,0.3,heterogeneous,learned,tlearner,lgbm,8,0.22311526176118793,0.16408000000000006,0.05903526176118787,0.6563467979431152
1000,0.3,heterogeneous,raw,dr,lgbm,9,0.6437002048004512,0.16408000000000006,0.47962020480045114,2.6992290019989014
1000,0.3,heterogeneous,raw,dr,linear,9,1.1220243763358306,0.16408000000000006,0.9579443763358306,0.13474678993225098
1000,0.3,heterogeneous,raw,tlearner,lgbm,9,0.17170941049496882,0.16408000000000006,0.0076294104949687636,0.7845120429992676
1000,0.3,heterogeneous,concept,dr,lgbm,9,0.22540611681195866,0.16408000000000006,0.0613261168119586,2.1419010162353516
1000,0.3,heterogeneous,concept,dr,linear,9,0.24411856086125056,0.16408000000000006,0.0800385608612505,0.012681961059570312
1000,0.3,heterogeneous,concept,tlearner,lgbm,9,0.20554423553865503,0.16408000000000006,0.04146423553865497,0.7267360687255859
1000,0.3,heterogeneous,learned,dr,lgbm,9,0.21730564874832187,0.16408000000000006,0.05322564874832181,1.9528272151947021
1000,0.3,heterogeneous,learned,dr,linear,9,0.20005045941577965,0.16408000000000006,0.03597045941577959,0.012160062789916992
1000,0.3,heterogeneous,learned,tlearner,lgbm,9,0.2695371803706292,0.16408000000000006,0.10545718037062912,0.6641910076141357
2000,0.3,heterogeneous,raw,dr,lgbm,0,0.4279932961135527,0.16408000000000006,0.26391329611355263,3.3062150478363037
2000,0.3,heterogeneous,raw,dr,linear,0,0.3527448597762587,0.16408000000000006,0.18866485977625863,0.28859686851501465
2000,0.3,heterogeneous,raw,tlearner,lgbm,0,0.1403290363678203,0.16408000000000006,0.023750963632179767,1.0648908615112305
2000,0.3,heterogeneous,concept,dr,lgbm,0,0.2286313705520258,0.16408000000000006,0.06455137055202573,2.6818971633911133
2000,0.3,heterogeneous,concept,dr,linear,0,0.23940497973837682,0.16408000000000006,0.07532497973837676,0.015115022659301758
2000,0.3,heterogeneous,concept,tlearner,lgbm,0,0.2082648626167734,0.16408000000000006,0.044184862616773346,0.9082150459289551
2000,0.3,heterogeneous,learned,dr,lgbm,0,0.2215495745462735,0.16408000000000006,0.05746957454627344,2.4458508491516113
2000,0.3,heterogeneous,learned,dr,linear,0,0.24061874634931527,0.16408000000000006,0.0765387463493152,0.014234066009521484
2000,0.3,heterogeneous,learned,tlearner,lgbm,0,0.22873140209089096,0.16408000000000006,0.0646514020908909,0.843454122543335
2000,0.3,heterogeneous,raw,dr,lgbm,1,0.51983039666266,0.16408000000000006,0.3557503966626599,3.317042350769043
2000,0.3,heterogeneous,raw,dr,linear,1,0.6393004145021114,0.16408000000000006,0.47522041450211133,0.2638740539550781
2000,0.3,heterogeneous,raw,tlearner,lgbm,1,0.17998291512118517,0.16408000000000006,0.015902915121185107,1.0975737571716309
2000,0.3,heterogeneous,concept,dr,lgbm,1,0.24546016828775197,0.16408000000000006,0.08138016828775191,2.6931052207946777
2000,0.3,heterogeneous,concept,dr,linear,1,0.23205653119402425,0.16408000000000006,0.06797653119402419,0.015140056610107422
2000,0.3,heterogeneous,concept,tlearner,lgbm,1,0.2246649403287149,0.16408000000000006,0.06058494032871484,0.8488869667053223
2000,0.3,heterogeneous,learned,dr,lgbm,1,0.16676316887705991,0.16408000000000006,0.002683168877059855,2.4640321731567383
2000,0.3,heterogeneous,learned,dr,linear,1,0.16709514723714702,0.16408000000000006,0.0030151472371469645,0.014698028564453125
2000,0.3,heterogeneous,learned,tlearner,lgbm,1,0.1789948260995143,0.16408000000000006,0.01491482609951425,0.8328800201416016
2000,0.3,heterogeneous,raw,dr,lgbm,2,0.3134904094289165,0.16408000000000006,0.14941040942891642,3.4911253452301025
2000,0.3,heterogeneous,raw,dr,linear,2,-0.009496922141433965,0.16408000000000006,0.17357692214143403,0.2991218566894531
2000,0.3,heterogeneous,raw,tlearner,lgbm,2,0.23145497042633822,0.16408000000000006,0.06737497042633817,1.076108694076538
2000,0.3,heterogeneous,concept,dr,lgbm,2,0.24994333119311307,0.16408000000000006,0.08586333119311301,2.8461899757385254
2000,0.3,heterogeneous,concept,dr,linear,2,0.26664945822847014,0.16408000000000006,0.10256945822847008,0.016078948974609375
2000,0.3,heterogeneous,concept,tlearner,lgbm,2,0.2617053585759252,0.16408000000000006,0.09762535857592514,0.9861981868743896
2000,0.3,heterogeneous,learned,dr,lgbm,2,0.26252082193529935,0.16408000000000006,0.0984408219352993,2.612025022506714
2000,0.3,heterogeneous,learned,dr,linear,2,0.2642429841619039,0.16408000000000006,0.10016298416190383,0.014973878860473633
2000,0.3,heterogeneous,learned,tlearner,lgbm,2,0.2782441669522167,0.16408000000000006,0.11416416695221665,0.8992829322814941
2000,0.3,heterogeneous,raw,dr,lgbm,3,0.5846800122181323,0.16408000000000006,0.4206000122181322,3.301636219024658
2000,0.3,heterogeneous,raw,dr,linear,3,0.6653657506845584,0.16408000000000006,0.5012857506845583,0.27381205558776855
2000,0.3,heterogeneous,raw,tlearner,lgbm,3,0.24867835395202587,0.16408000000000006,0.0845983539520258,1.0201051235198975
2000,0.3,heterogeneous,concept,dr,lgbm,3,0.3048243671615298,0.16408000000000006,0.14074436716152972,2.6168508529663086
2000,0.3,heterogeneous,concept,dr,linear,3,0.29296740544249367,0.16408000000000006,0.1288874054424936,0.01502537727355957
2000,0.3,heterogeneous,concept,tlearner,lgbm,3,0.28993467492838126,0.16408000000000006,0.1258546749283812,0.8951883316040039
2000,0.3,heterogeneous,learned,dr,lgbm,3,0.2545467123937491,0.16408000000000006,0.09046671239374904,2.5664122104644775
2000,0.3,heterogeneous,learned,dr,linear,3,0.2818129253073888,0.16408000000000006,0.11773292530738871,0.01460409164428711
2000,0.3,heterogeneous,learned,tlearner,lgbm,3,0.282709169065592,0.16408000000000006,0.11862916906559196,0.8233001232147217
2000,0.3,heterogeneous,raw,dr,lgbm,4,0.15709721519635392,0.16408000000000006,0.0069827848036461415,3.3585498332977295
2000,0.3,heterogeneous,raw,dr,linear,4,0.001921545344179202,0.16408000000000006,0.16215845465582085,0.27982497215270996
2000,0.3,heterogeneous,raw,tlearner,lgbm,4,0.17439311187950352,0.16408000000000006,0.010313111879503456,1.0531978607177734
2000,0.3,heterogeneous,concept,dr,lgbm,4,0.26678935031627526,0.16408000000000006,0.1027093503162752,2.595676898956299
2000,0.3,heterogeneous,concept,dr,linear,4,0.21784296118339921,0.16408000000000006,0.053762961183399155,0.015080928802490234
2000,0.3,heterogeneous,concept,tlearner,lgbm,4,0.22695278442557248,0.16408000000000006,0.06287278442557243,0.9362719058990479
2000,0.3,heterogeneous,learned,dr,lgbm,4,0.20040893194177073,0.16408000000000006,0.03632893194177067,2.6595089435577393
2000,0.3,heterogeneous,learned,dr,linear,4,0.21377568935565308,0.16408000000000006,0.04969568935565302,0.01635289192199707
2000,0.3,heterogeneous,learned,tlearner,lgbm,4,0.19933579475686913,0.16408000000000006,0.035255794756869074,0.8419859409332275
2000,0.3,heterogeneous,raw,dr,lgbm,5,0.2072544289016346,0.16408000000000006,0.04317442890163453,3.3199331760406494
2000,0.3,heterogeneous,raw,dr,linear,5,0.3828129090390177,0.16408000000000006,0.21873290903901765,0.293731689453125
2000,0.3,heterogeneous,raw,tlearner,lgbm,5,0.21016641947775683,0.16408000000000006,0.04608641947775677,1.089071273803711
2000,0.3,heterogeneous,concept,dr,lgbm,5,0.2581766926829181,0.16408000000000006,0.09409669268291804,2.8165533542633057
2000,0.3,heterogeneous,concept,dr,linear,5,0.24786588586654584,0.16408000000000006,0.08378588586654578,0.016654253005981445
2000,0.3,heterogeneous,concept,tlearner,lgbm,5,0.24786402937254928,0.16408000000000006,0.08378402937254922,0.9009625911712646
2000,0.3,heterogeneous,learned,dr,lgbm,5,0.2616344954375364,0.16408000000000006,0.09755449543753636,2.546696186065674
2000,0.3,heterogeneous,learned,dr,linear,5,0.2511465633697821,0.16408000000000006,0.08706656336978202,0.014734745025634766
2000,0.3,heterogeneous,learned,tlearner,lgbm,5,0.2657637354071282,0.16408000000000006,0.10168373540712816,0.8574230670928955
2000,0.3,heterogeneous,raw,dr,lgbm,6,0.4797701704115509,0.16408000000000006,0.31569017041155084,3.3232760429382324
2000,0.3,heterogeneous,raw,dr,linear,6,0.312226752789123,0.16408000000000006,0.14814675278912293,0.2813680171966553
2000,0.3,heterogeneous,raw,tlearner,lgbm,6,0.18168605195750412,0.16408000000000006,0.01760605195750406,1.0764617919921875
2000,0.3,heterogeneous,concept,dr,lgbm,6,0.2734119930035065,0.16408000000000006,0.10933199300350643,2.7852559089660645
2000,0.3,heterogeneous,concept,dr,linear,6,0.2487551095239688,0.16408000000000006,0.08467510952396873,0.01641225814819336
2000,0.3,heterogeneous,concept,tlearner,lgbm,6,0.24782913866247375,0.16408000000000006,0.08374913866247369,0.942626953125
2000,0.3,heterogeneous,learned,dr,lgbm,6,0.2023719954842636,0.16408000000000006,0.03829199548426354,2.4217419624328613
2000,0.3,heterogeneous,learned,dr,linear,6,0.20449118002931732,0.16408000000000006,0.04041118002931726,0.014764785766601562
2000,0.3,heterogeneous,learned,tlearner,lgbm,6,0.21758164816511852,0.16408000000000006,0.05350164816511846,0.8471159934997559
2000,0.3,heterogeneous,raw,dr,lgbm,7,0.16672740675621123,0.16408000000000006,0.002647406756211168,3.4083831310272217
2000,0.3,heterogeneous,raw,dr,linear,7,0.45937457884776867,0.16408000000000006,0.2952945788477686,0.2825899124145508
2000,0.3,heterogeneous,raw,tlearner,lgbm,7,0.19582730276614121,0.16408000000000006,0.031747302766141156,1.0547189712524414
2000,0.3,heterogeneous,concept,dr,lgbm,7,0.239263724413148,0.16408000000000006,0.07518372441314794,2.5824267864227295
2000,0.3,heterogeneous,concept,dr,linear,7,0.23552509930890295,0.16408000000000006,0.07144509930890289,0.014970064163208008
2000,0.3,heterogeneous,concept,tlearner,lgbm,7,0.23233061630489676,0.16408000000000006,0.0682506163048967,0.879148006439209
2000,0.3,heterogeneous,learned,dr,lgbm,7,0.1948039476381838,0.16408000000000006,0.03072394763818373,2.5577142238616943
2000,0.3,heterogeneous,learned,dr,linear,7,0.30874861566937517,0.16408000000000006,0.1446686156693751,0.014745950698852539
2000,0.3,heterogeneous,learned,tlearner,lgbm,7,0.20724533947532295,0.16408000000000006,0.04316533947532289,0.8762962818145752
2000,0.3,heterogeneous,raw,dr,lgbm,8,0.2005344628207768,0.16408000000000006,0.036454462820776745,3.170992136001587
2000,0.3,heterogeneous,raw,dr,linear,8,-0.06540520840447774,0.16408000000000006,0.22948520840447778,0.27964091300964355
2000,0.3,heterogeneous,raw,tlearner,lgbm,8,0.1630280131648109,0.16408000000000006,0.0010519868351891726,1.060708999633789
2000,0.3,heterogeneous,concept,dr,lgbm,8,0.24644529522751935,0.16408000000000006,0.08236529522751929,2.6260080337524414
2000,0.3,heterogeneous,concept,dr,linear,8,0.2372669811007757,0.16408000000000006,0.07318698110077565,0.015249013900756836
2000,0.3,heterogeneous,concept,tlearner,lgbm,8,0.23041294667854229,0.16408000000000006,0.06633294667854223,0.8839399814605713
2000,0.3,heterogeneous,learned,dr,lgbm,8,0.2294055323809559,0.16408000000000006,0.06532553238095584,2.4780375957489014
2000,0.3,heterogeneous,learned,dr,linear,8,0.22345106834347725,0.16408000000000006,0.05937106834347719,0.014456033706665039
2000,0.3,heterogeneous,learned,tlearner,lgbm,8,0.22327380976145786,0.16408000000000006,0.0591938097614578,0.8645739555358887
2000,0.3,heterogeneous,raw,dr,lgbm,9,-0.12407232882578836,0.16408000000000006,0.28815232882578845,3.2723472118377686
2000,0.3,heterogeneous,raw,dr,linear,9,-0.22176449004433882,0.16408000000000006,0.38584449004433885,0.2849159240722656
2000,0.3,heterogeneous,raw,tlearner,lgbm,9,0.17888694253858647,0.16408000000000006,0.014806942538586415,1.0568418502807617
2000,0.3,heterogeneous,concept,dr,lgbm,9,0.24857865763667916,0.16408000000000006,0.0844986576366791,2.674302101135254
2000,0.3,heterogeneous,concept,dr,linear,9,0.2533053864410438,0.16408000000000006,0.08922538644104372,0.015072107315063477
2000,0.3,heterogeneous,concept,tlearner,lgbm,9,0.24103231275406894,0.16408000000000006,0.07695231275406889,0.9504313468933105
2000,0.3,heterogeneous,learned,dr,lgbm,9,0.24072397882534918,0.16408000000000006,0.07664397882534912,2.561414957046509
2000,0.3,heterogeneous,learned,dr,linear,9,0.18289261576079402,0.16408000000000006,0.01881261576079396,0.014574050903320312
2000,0.3,heterogeneous,learned,tlearner,lgbm,9,0.2387764858122412,0.16408000000000006,0.07469648581224114,0.8918290138244629
5000,0.3,heterogeneous,raw,dr,lgbm,0,0.24991721797906338,0.16408000000000006,0.08583721797906332,4.0764570236206055
5000,0.3,heterogeneous,raw,dr,linear,0,0.1619929843798234,0.16408000000000006,0.0020870156201766576,0.6298360824584961
5000,0.3,heterogeneous,raw,tlearner,lgbm,0,0.19266676301088523,0.16408000000000006,0.02858676301088517,1.2954859733581543
5000,0.3,heterogeneous,concept,dr,lgbm,0,0.24147410310872577,0.16408000000000006,0.07739410310872571,3.2130000591278076
5000,0.3,heterogeneous,concept,dr,linear,0,0.24720869977668927,0.16408000000000006,0.08312869977668921,0.02183699607849121
5000,0.3,heterogeneous,concept,tlearner,lgbm,0,0.2395246132386686,0.16408000000000006,0.07544461323866855,1.1427557468414307
5000,0.3,heterogeneous,learned,dr,lgbm,0,0.2645449914933328,0.16408000000000006,0.10046499149333277,2.969804048538208
5000,0.3,heterogeneous,learned,dr,linear,0,0.2721843285936115,0.16408000000000006,0.10810432859361147,0.022256851196289062
5000,0.3,heterogeneous,learned,tlearner,lgbm,0,0.25682434383848285,0.16408000000000006,0.09274434383848279,1.0252749919891357
5000,0.3,heterogeneous,raw,dr,lgbm,1,0.23268625748149646,0.16408000000000006,0.0686062574814964,3.98169207572937
5000,0.3,heterogeneous,raw,dr,linear,1,0.19744211033663395,0.16408000000000006,0.03336211033663389,0.6225621700286865
5000,0.3,heterogeneous,raw,tlearner,lgbm,1,0.19897813841722295,0.16408000000000006,0.03489813841722289,1.3006978034973145
5000,0.3,heterogeneous,concept,dr,lgbm,1,0.2450443068477262,0.16408000000000006,0.08096430684772615,3.1791889667510986
5000,0.3,heterogeneous,concept,dr,linear,1,0.25054506078257777,0.16408000000000006,0.08646506078257771,0.024134159088134766
5000,0.3,heterogeneous,concept,tlearner,lgbm,1,0.2439213415712769,0.16408000000000006,0.07984134157127684,1.1995160579681396
5000,0.3,heterogeneous,learned,dr,lgbm,1,0.2399904528228606,0.16408000000000006,0.07591045282286055,3.224050998687744
5000,0.3,heterogeneous,learned,dr,linear,1,0.23155724016282678,0.16408000000000006,0.06747724016282672,0.02336883544921875
5000,0.3,heterogeneous,learned,tlearner,lgbm,1,0.2376800541660329,0.16408000000000006,0.07360005416603285,1.0773899555206299
5000,0.3,heterogeneous,raw,dr,lgbm,2,0.17547538079021122,0.16408000000000006,0.011395380790211157,4.056649208068848
5000,0.3,heterogeneous,raw,dr,linear,2,0.16811912803730983,0.16408000000000006,0.004039128037309769,0.6155850887298584
5000,0.3,heterogeneous,raw,tlearner,lgbm,2,0.18365787605061745,0.16408000000000006,0.019577876050617393,1.3113608360290527
5000,0.3,heterogeneous,concept,dr,lgbm,2,0.24061189356455515,0.16408000000000006,0.07653189356455509,3.318885087966919
5000,0.3,heterogeneous,concept,dr,linear,2,0.23775229008141072,0.16408000000000006,0.07367229008141066,0.02166295051574707
5000,0.3,heterogeneous,concept,tlearner,lgbm,2,0.22998042607980596,0.16408000000000006,0.0659004260798059,1.1561529636383057
5000,0.3,heterogeneous,learned,dr,lgbm,2,0.22300451083453415,0.16408000000000006,0.058924510834534094,3.0096750259399414
5000,0.3,heterogeneous,learned,dr,linear,2,0.23455941507931655,0.16408000000000006,0.07047941507931649,0.020969152450561523
5000,0.3,heterogeneous,learned,tlearner,lgbm,2,0.22269235544355975,0.16408000000000006,0.058612355443559694,1.0605480670928955
5000,0.3,heterogeneous,raw,dr,lgbm,3,0.38410714938681784,0.16408000000000006,0.22002714938681778,3.858834981918335
5000,0.3,heterogeneous,raw,dr,linear,3,0.35136785432181117,0.16408000000000006,0.1872878543218111,0.6121096611022949
5000,0.3,heterogeneous,raw,tlearner,lgbm,3,0.20891923599143702,0.16408000000000006,0.044839235991436965,1.2608330249786377
5000,0.3,heterogeneous,concept,dr,lgbm,3,0.26105586037997885,0.16408000000000006,0.0969758603799788,3.250152826309204
5000,0.3,heterogeneous,concept,dr,linear,3,0.2632848182401354,0.16408000000000006,0.09920481824013533,0.021730661392211914
5000,0.3,heterogeneous,concept,tlearner,lgbm,3,0.2555744374124903,0.16408000000000006,0.09149443741249025,1.1168668270111084
5000,0.3,heterogeneous,learned,dr,lgbm,3,0.25080147567189315,0.16408000000000006,0.08672147567189309,3.0946152210235596
5000,0.3,heterogeneous,learned,dr,linear,3,0.24211755955519654,0.16408000000000006,0.07803755955519648,0.020198345184326172
5000,0.3,heterogeneous,learned,tlearner,lgbm,3,0.24246706300301163,0.16408000000000006,0.07838706300301157,1.0290801525115967
5000,0.3,heterogeneous,raw,dr,lgbm,4,0.09087054846846497,0.16408000000000006,0.07320945153153509,3.9553658962249756
5000,0.3,heterogeneous,raw,dr,linear,4,0.030587353270007986,0.16408000000000006,0.13349264672999206,0.6099529266357422
5000,0.3,heterogeneous,raw,tlearner,lgbm,4,0.19400808339310005,0.16408000000000006,0.02992808339309999,1.2483851909637451
5000,0.3,heterogeneous,concept,dr,lgbm,4,0.25961876130382283,0.16408000000000006,0.09553876130382277,3.3440539836883545
5000,0.3,heterogeneous,concept,dr,linear,4,0.24934201278400084,0.16408000000000006,0.08526201278400078,0.022014856338500977
5000,0.3,heterogeneous,concept,tlearner,lgbm,4,0.24233317864311124,0.16408000000000006,0.07825317864311118,1.1781978607177734
5000,0.3,heterogeneous,learned,dr,lgbm,4,0.2844400394873376,0.16408000000000006,0.12036003948733753,2.965648889541626
5000,0.3,heterogeneous,learned,dr,linear,4,0.2817528225797515,0.16408000000000006,0.11767282257975142,0.02118682861328125
5000,0.3,heterogeneous,learned,tlearner,lgbm,4,0.2473895613039177,0.16408000000000006,0.08330956130391765,1.0398807525634766
5000,0.3,heterogeneous,raw,dr,lgbm,5,0.30299364602230994,0.16408000000000006,0.13891364602230988,3.9915950298309326
5000,0.3,heterogeneous,raw,dr,linear,5,0.2480232317652953,0.16408000000000006,0.08394323176529525,0.6154248714447021
5000,0.3,heterogeneous,raw,tlearner,lgbm,5,0.1901748257915099,0.16408000000000006,0.026094825791509846,1.2984318733215332
5000,0.3,heterogeneous,concept,dr,lgbm,5,0.24978646455272008,0.16408000000000006,0.08570646455272002,3.296104907989502
5000,0.3,heterogeneous,concept,dr,linear,5,0.24366950507769672,0.16408000000000006,0.07958950507769666,0.021594762802124023
5000,0.3,heterogeneous,concept,tlearner,lgbm,5,0.24332354296136122,0.16408000000000006,0.07924354296136116,1.1789591312408447
5000,0.3,heterogeneous,learned,dr,lgbm,5,0.2187965039597835,0.16408000000000006,0.05471650395978345,2.994797945022583
5000,0.3,heterogeneous,learned,dr,linear,5,0.21733440295462206,0.16408000000000006,0.053254402954622,0.020218849182128906
5000,0.3,heterogeneous,learned,tlearner,lgbm,5,0.22609909416407453,0.16408000000000006,0.06201909416407447,1.0225801467895508
5000,0.3,heterogeneous,raw,dr,lgbm,6,0.272517303407579,0.16408000000000006,0.10843730340757896,4.046152830123901
5000,0.3,heterogeneous,raw,dr,linear,6,0.3072648195951432,0.16408000000000006,0.14318481959514312,0.6146681308746338
5000,0.3,heterogeneous,raw,tlearner,lgbm,6,0.19778280327719727,0.16408000000000006,0.03370280327719721,1.316126823425293
5000,0.3,heterogeneous,concept,dr,lgbm,6,0.25560160770469276,0.16408000000000006,0.0915216077046927,3.282773017883301
5000,0.3,heterogeneous,concept,dr,linear,6,0.24705213581428648,0.16408000000000006,0.08297213581428642,0.021615982055664062
5000,0.3,heterogeneous,concept,tlearner,lgbm,6,0.2411397551485231,0.16408000000000006,0.07705975514852303,1.1858899593353271
5000,0.3,heterogeneous,learned,dr,lgbm,6,0.24584674406312784,0.16408000000000006,0.08176674406312778,2.9444339275360107
5000,0.3,heterogeneous,learned,dr,linear,6,0.24904603699631797,0.16408000000000006,0.08496603699631791,0.02087688446044922
5000,0.3,heterogeneous,learned,tlearner,lgbm,6,0.24398968422279269,0.16408000000000006,0.07990968422279263,1.003434181213379
5000,0.3,heterogeneous,raw,dr,lgbm,7,0.23095243136527047,0.16408000000000006,0.06687243136527041,3.903127908706665
5000,0.3,heterogeneous,raw,dr,linear,7,0.18534330429977414,0.16408000000000006,0.021263304299774077,0.6213297843933105
5000,0.3,heterogeneous,raw,tlearner,lgbm,7,0.17733983682209772,0.16408000000000006,0.013259836822097665,1.2839312553405762
5000,0.3,heterogeneous,concept,dr,lgbm,7,0.24576038257248406,0.16408000000000006,0.081680382572484,3.264065742492676
5000,0.3,heterogeneous,concept,dr,linear,7,0.239205463914277,0.16408000000000006,0.07512546391427694,0.021841764450073242
5000,0.3,heterogeneous,concept,tlearner,lgbm,7,0.23756330718177573,0.16408000000000006,0.07348330718177568,1.1719911098480225
5000,0.3,heterogeneous,learned,dr,lgbm,7,0.2156711293625337,0.16408000000000006,0.05159112936253363,3.0867691040039062
5000,0.3,heterogeneous,learned,dr,linear,7,0.2182805520045322,0.16408000000000006,0.05420055200453214,0.020765304565429688
5000,0.3,heterogeneous,learned,tlearner,lgbm,7,0.2090331561350215,0.16408000000000006,0.04495315613502143,1.0719449520111084
5000,0.3,heterogeneous,raw,dr,lgbm,8,0.19850548849174737,0.16408000000000006,0.034425488491747314,3.9867122173309326
5000,0.3,heterogeneous,raw,dr,linear,8,0.12891431405556145,0.16408000000000006,0.03516568594443861,0.6138081550598145
5000,0.3,heterogeneous,raw,tlearner,lgbm,8,0.1673245725535559,0.16408000000000006,0.003244572553555841,1.3141119480133057
5000,0.3,heterogeneous,concept,dr,lgbm,8,0.24106641399716752,0.16408000000000006,0.07698641399716746,3.18261981010437
5000,0.3,heterogeneous,concept,dr,linear,8,0.23404557500453949,0.16408000000000006,0.06996557500453943,0.021886110305786133
5000,0.3,heterogeneous,concept,tlearner,lgbm,8,0.2237027848212188,0.16408000000000006,0.059622784821218744,1.163041114807129
5000,0.3,heterogeneous,learned,dr,lgbm,8,0.2206806447106247,0.16408000000000006,0.05660064471062465,3.0154969692230225
5000,0.3,heterogeneous,learned,dr,linear,8,0.20835903922766824,0.16408000000000006,0.04427903922766818,0.021637916564941406
5000,0.3,heterogeneous,learned,tlearner,lgbm,8,0.21628547285059113,0.16408000000000006,0.05220547285059107,1.0596420764923096
5000,0.3,heterogeneous,raw,dr,lgbm,9,0.04133885938322446,0.16408000000000006,0.1227411406167756,4.060867071151733
5000,0.3,heterogeneous,raw,dr,linear,9,0.022077530804848085,0.16408000000000006,0.14200246919515197,0.6193909645080566
5000,0.3,heterogeneous,raw,tlearner,lgbm,9,0.1856640304547333,0.16408000000000006,0.021584030454733227,1.2914540767669678
5000,0.3,heterogeneous,concept,dr,lgbm,9,0.2645066111642796,0.16408000000000006,0.10042661116427953,3.4134037494659424
5000,0.3,heterogeneous,concept,dr,linear,9,0.25422955489403043,0.16408000000000006,0.09014955489403037,0.02262401580810547
5000,0.3,heterogeneous,concept,tlearner,lgbm,9,0.2448500459755289,0.16408000000000006,0.08077004597552884,1.2044930458068848
5000,0.3,heterogeneous,learned,dr,lgbm,9,0.21659940565230476,0.16408000000000006,0.0525194056523047,2.898913860321045
5000,0.3,heterogeneous,learned,dr,linear,9,0.22003046530156456,0.16408000000000006,0.0559504653015645,0.02104806900024414
5000,0.3,heterogeneous,learned,tlearner,lgbm,9,0.21229198390476614,0.16408000000000006,0.04821198390476608,0.9661147594451904
10000,0.3,heterogeneous,raw,dr,lgbm,0,0.19976498185067862,0.16408000000000006,0.03568498185067856,4.938490152359009
10000,0.3,heterogeneous,raw,dr,linear,0,0.1983588060555735,0.16408000000000006,0.03427880605557343,1.1495790481567383
10000,0.3,heterogeneous,raw,tlearner,lgbm,0,0.18759040479042163,0.16408000000000006,0.023510404790421574,1.4502079486846924
10000,0.3,heterogeneous,concept,dr,lgbm,0,0.2351493828612761,0.16408000000000006,0.07106938286127604,3.664578914642334
10000,0.3,heterogeneous,concept,dr,linear,0,0.23779913653565032,0.16408000000000006,0.07371913653565026,0.03171801567077637
10000,0.3,heterogeneous,concept,tlearner,lgbm,0,0.23004857885390065,0.16408000000000006,0.06596857885390059,1.3213930130004883
10000,0.3,heterogeneous,learned,dr,lgbm,0,0.2295595552876516,0.16408000000000006,0.06547955528765154,3.2237892150878906
10000,0.3,heterogeneous,learned,dr,linear,0,0.23069011462765843,0.16408000000000006,0.06661011462765837,0.03246188163757324
10000,0.3,heterogeneous,learned,tlearner,lgbm,0,0.22938466978142724,0.16408000000000006,0.06530466978142718,1.1465117931365967
10000,0.3,heterogeneous,raw,dr,lgbm,1,0.23751317400343214,0.16408000000000006,0.07343317400343208,4.809372186660767
10000,0.3,heterogeneous,raw,dr,linear,1,0.2155455509772895,0.16408000000000006,0.05146555097728944,1.1699159145355225
10000,0.3,heterogeneous,raw,tlearner,lgbm,1,0.1936598180603461,0.16408000000000006,0.02957981806034604,1.4128851890563965
10000,0.3,heterogeneous,concept,dr,lgbm,1,0.2413419104014224,0.16408000000000006,0.07726191040142233,3.5814099311828613
10000,0.3,heterogeneous,concept,dr,linear,1,0.24312704160419282,0.16408000000000006,0.07904704160419276,0.0319819450378418
10000,0.3,heterogeneous,concept,tlearner,lgbm,1,0.2409175522831782,0.16408000000000006,0.07683755228317815,1.3512399196624756
10000,0.3,heterogeneous,learned,dr,lgbm,1,0.23192469707759253,0.16408000000000006,0.06784469707759247,3.3523662090301514
10000,0.3,heterogeneous,learned,dr,linear,1,0.22856482460667008,0.16408000000000006,0.06448482460667002,0.03276538848876953
10000,0.3,heterogeneous,learned,tlearner,lgbm,1,0.23486857098414238,0.16408000000000006,0.07078857098414232,1.1657958030700684
10000,0.3,heterogeneous,raw,dr,lgbm,2,0.17897616854858162,0.16408000000000006,0.014896168548581556,4.804520845413208
10000,0.3,heterogeneous,raw,dr,linear,2,0.2064175980629112,0.16408000000000006,0.04233759806291115,1.1152269840240479
10000,0.3,heterogeneous,raw,tlearner,lgbm,2,0.20272236509932254,0.16408000000000006,0.03864236509932248,1.4313859939575195
10000,0.3,heterogeneous,concept,dr,lgbm,2,0.24738395707529975,0.16408000000000006,0.0833039570752997,3.6769561767578125
10000,0.3,heterogeneous,concept,dr,linear,2,0.24755892093856532,0.16408000000000006,0.08347892093856527,0.03225278854370117
10000,0.3,heterogeneous,concept,tlearner,lgbm,2,0.24316652344307504,0.16408000000000006,0.07908652344307499,1.3300840854644775
10000,0.3,heterogeneous,learned,dr,lgbm,2,0.2517212506285615,0.16408000000000006,0.08764125062856143,3.385474920272827
10000,0.3,heterogeneous,learned,dr,linear,2,0.26269411105898016,0.16408000000000006,0.0986141110589801,0.03270101547241211
10000,0.3,heterogeneous,learned,tlearner,lgbm,2,0.2462563990661379,0.16408000000000006,0.08217639906613783,1.2670130729675293
10000,0.3,heterogeneous,raw,dr,lgbm,3,0.24434586326557547,0.16408000000000006,0.08026586326557542,5.07877516746521
10000,0.3,heterogeneous,raw,dr,linear,3,0.25912933236122154,0.16408000000000006,0.09504933236122148,1.2296841144561768
10000,0.3,heterogeneous,raw,tlearner,lgbm,3,0.2192185239510979,0.16408000000000006,0.055138523951097834,1.4387531280517578
10000,0.3,heterogeneous,concept,dr,lgbm,3,0.2596728850882127,0.16408000000000006,0.09559288508821262,3.715315818786621
10000,0.3,heterogeneous,concept,dr,linear,3,0.2612813076699418,0.16408000000000006,0.09720130766994173,0.03228402137756348
10000,0.3,heterogeneous,concept,tlearner,lgbm,3,0.25697569522714414,0.16408000000000006,0.09289569522714408,1.3151779174804688
10000,0.3,heterogeneous,learned,dr,lgbm,3,0.2554997499227975,0.16408000000000006,0.09141974992279744,3.4401028156280518
10000,0.3,heterogeneous,learned,dr,linear,3,0.26002672802603183,0.16408000000000006,0.09594672802603177,0.0355532169342041
10000,0.3,heterogeneous,learned,tlearner,lgbm,3,0.2595415812451941,0.16408000000000006,0.09546158124519405,1.1930720806121826
10000,0.3,heterogeneous,raw,dr,lgbm,4,0.21491092165376188,0.16408000000000006,0.050830921653761824,4.984859943389893
10000,0.3,heterogeneous,raw,dr,linear,4,0.2255699387717932,0.16408000000000006,0.06148993877179315,1.2040717601776123
10000,0.3,heterogeneous,raw,tlearner,lgbm,4,0.20293385724202398,0.16408000000000006,0.03885385724202392,1.4313321113586426
10000,0.3,heterogeneous,concept,dr,lgbm,4,0.24738036308680547,0.16408000000000006,0.08330036308680541,3.6351606845855713
10000,0.3,heterogeneous,concept,dr,linear,4,0.24984745826570856,0.16408000000000006,0.0857674582657085,0.038758039474487305
10000,0.3,heterogeneous,concept,tlearner,lgbm,4,0.24205440317434987,0.16408000000000006,0.07797440317434981,1.362635850906372
10000,0.3,heterogeneous,learned,dr,lgbm,4,0.24188983217726653,0.16408000000000006,0.07780983217726647,3.3240408897399902
10000,0.3,heterogeneous,learned,dr,linear,4,0.24776723069356246,0.16408000000000006,0.0836872306935624,0.03504490852355957
10000,0.3,heterogeneous,learned,tlearner,lgbm,4,0.24304989833280957,0.16408000000000006,0.07896989833280951,1.2015740871429443
10000,0.3,heterogeneous,raw,dr,lgbm,5,0.23581471943839366,0.16408000000000006,0.0717347194383936,5.080877065658569
10000,0.3,heterogeneous,raw,dr,linear,5,0.25058751686747427,0.16408000000000006,0.08650751686747421,1.171816110610962
10000,0.3,heterogeneous,raw,tlearner,lgbm,5,0.1790872859700866,0.16408000000000006,0.015007285970086548,1.4857656955718994
10000,0.3,heterogeneous,concept,dr,lgbm,5,0.24367476359474305,0.16408000000000006,0.07959476359474299,3.663623094558716
10000,0.3,heterogeneous,concept,dr,linear,5,0.24044108302412082,0.16408000000000006,0.07636108302412076,0.03232002258300781
10000,0.3,heterogeneous,concept,tlearner,lgbm,5,0.23650250240819773,0.16408000000000006,0.07242250240819767,1.316068172454834
10000,0.3,heterogeneous,learned,dr,lgbm,5,0.2057606870818924,0.16408000000000006,0.04168068708189235,3.319936990737915
10000,0.3,heterogeneous,learned,dr,linear,5,0.199749444743166,0.16408000000000006,0.03566944474316594,0.03225302696228027
10000,0.3,heterogeneous,learned,tlearner,lgbm,5,0.2047928678215534,0.16408000000000006,0.04071286782155334,1.1564910411834717
10000,0.3,heterogeneous,raw,dr,lgbm,6,0.19047291014769321,0.16408000000000006,0.026392910147693155,5.066183090209961
10000,0.3,heterogeneous,raw,dr,linear,6,0.2170946994660416,0.16408000000000006,0.05301469946604154,1.1294708251953125
10000,0.3,heterogeneous,raw,tlearner,lgbm,6,0.18932000793905737,0.16408000000000006,0.025240007939057313,1.5329749584197998
10000,0.3,heterogeneous,concept,dr,lgbm,6,0.2530427198917924,0.16408000000000006,0.08896271989179233,3.6069650650024414
10000,0.3,heterogeneous,concept,dr,linear,6,0.2485196383424764,0.16408000000000006,0.08443963834247634,0.03291010856628418
10000,0.3,heterogeneous,concept,tlearner,lgbm,6,0.24277769341700342,0.16408000000000006,0.07869769341700336,1.326089859008789
10000,0.3,heterogeneous,learned,dr,lgbm,6,0.22611262043640182,0.16408000000000006,0.06203262043640176,3.338603973388672
10000,0.3,heterogeneous,learned,dr,linear,6,0.23180452830287104,0.16408000000000006,0.06772452830287098,0.03294491767883301
10000,0.3,heterogeneous,learned,tlearner,lgbm,6,0.2322021033349594,0.16408000000000006,0.06812210333495933,1.2044641971588135
10000,0.3,heterogeneous,raw,dr,lgbm,7,0.20103314513482606,0.16408000000000006,0.036953145134826004,4.795740842819214
10000,0.3,heterogeneous,raw,dr,linear,7,0.18193799668825203,0.16408000000000006,0.01785799668825197,1.1257069110870361
10000,0.3,heterogeneous,raw,tlearner,lgbm,7,0.19583248055927316,0.16408000000000006,0.0317524805592731,1.4243218898773193
10000,0.3,heterogeneous,concept,dr,lgbm,7,0.2496319628784919,0.16408000000000006,0.08555196287849184,3.682873249053955
10000,0.3,heterogeneous,concept,dr,linear,7,0.25147994294033726,0.16408000000000006,0.0873999429403372,0.034226179122924805
10000,0.3,heterogeneous,concept,tlearner,lgbm,7,0.24394072635473193,0.16408000000000006,0.07986072635473188,1.3003559112548828
10000,0.3,heterogeneous,learned,dr,lgbm,7,0.225384374270152,0.16408000000000006,0.06130437427015195,3.3179550170898438
10000,0.3,heterogeneous,learned,dr,linear,7,0.2270869096611191,0.16408000000000006,0.06300690966111905,0.03281593322753906
10000,0.3,heterogeneous,learned,tlearner,lgbm,7,0.22422160750277753,0.16408000000000006,0.06014160750277747,1.2129089832305908
10000,0.3,heterogeneous,raw,dr,lgbm,8,0.19797238779676563,0.16408000000000006,0.033892387796765566,4.872225046157837
10000,0.3,heterogeneous,raw,dr,linear,8,0.18673027142859408,0.16408000000000006,0.02265027142859402,1.1378908157348633
10000,0.3,heterogeneous,raw,tlearner,lgbm,8,0.1766565269914574,0.16408000000000006,0.012576526991457337,1.4275760650634766
10000,0.3,heterogeneous,concept,dr,lgbm,8,0.23950810093299055,0.16408000000000006,0.07542810093299049,3.6567559242248535
10000,0.3,heterogeneous,concept,dr,linear,8,0.23669490463284984,0.16408000000000006,0.07261490463284978,0.03270292282104492
10000,0.3,heterogeneous,concept,tlearner,lgbm,8,0.23210623250329582,0.16408000000000006,0.06802623250329576,1.324249029159546
10000,0.3,heterogeneous,learned,dr,lgbm,8,0.2237398646475764,0.16408000000000006,0.05965986464757633,3.402467966079712
10000,0.3,heterogeneous,learned,dr,linear,8,0.2270722538346258,0.16408000000000006,0.06299225383462573,0.03324007987976074
10000,0.3,heterogeneous,learned,tlearner,lgbm,8,0.2236253970955222,0.16408000000000006,0.059545397095522146,1.2065777778625488
10000,0.3,heterogeneous,raw,dr,lgbm,9,0.22758684891933445,0.16408000000000006,0.06350684891933439,5.033158779144287
10000,0.3,heterogeneous,raw,dr,linear,9,0.2524120514925604,0.16408000000000006,0.08833205149256035,1.2183592319488525
10000,0.3,heterogeneous,raw,tlearner,lgbm,9,0.20173828748982878,0.16408000000000006,0.03765828748982872,1.4860780239105225
10000,0.3,heterogeneous,concept,dr,lgbm,9,0.2614974730016301,0.16408000000000006,0.09741747300163006,3.702604055404663
10000,0.3,heterogeneous,concept,dr,linear,9,0.26100194800040966,0.16408000000000006,0.0969219480004096,0.033892154693603516
10000,0.3,heterogeneous,concept,tlearner,lgbm,9,0.25308366779116576,0.16408000000000006,0.0890036677911657,1.355041742324829
10000,0.3,heterogeneous,learned,dr,lgbm,9,0.24127618929502592,0.16408000000000006,0.07719618929502586,3.3815081119537354
10000,0.3,heterogeneous,learned,dr,linear,9,0.2402659023036034,0.16408000000000006,0.07618590230360334,0.03224015235900879
10000,0.3,heterogeneous,learned,tlearner,lgbm,9,0.2407168495911203,0.16408000000000006,0.07663684959112024,1.1931710243225098
20000,0.3,heterogeneous,raw,dr,lgbm,0,0.1887034683389386,0.16408000000000006,0.024623468338938553,6.7083799839019775
20000,0.3,heterogeneous,raw,dr,linear,0,0.20239720827155896,0.16408000000000006,0.038317208271558906,2.21036696434021
20000,0.3,heterogeneous,raw,tlearner,lgbm,0,0.19218505312198125,0.16408000000000006,0.028105053121981194,1.7094879150390625
20000,0.3,heterogeneous,concept,dr,lgbm,0,0.24268022423071117,0.16408000000000006,0.07860022423071111,4.041817903518677
20000,0.3,heterogeneous,concept,dr,linear,0,0.24391220457109614,0.16408000000000006,0.07983220457109608,0.05704998970031738
20000,0.3,heterogeneous,concept,tlearner,lgbm,0,0.23623496124599833,0.16408000000000006,0.07215496124599827,1.4476020336151123
20000,0.3,heterogeneous,learned,dr,lgbm,0,0.22694149084645068,0.16408000000000006,0.06286149084645062,4.0435943603515625
20000,0.3,heterogeneous,learned,dr,linear,0,0.23222071125265628,0.16408000000000006,0.06814071125265622,0.054205894470214844
20000,0.3,heterogeneous,learned,tlearner,lgbm,0,0.2282483901973218,0.16408000000000006,0.06416839019732173,1.3541350364685059
20000,0.3,heterogeneous,raw,dr,lgbm,1,0.20708597411628268,0.16408000000000006,0.043005974116282625,6.466596841812134
20000,0.3,heterogeneous,raw,dr,linear,1,0.23084281744575946,0.16408000000000006,0.0667628174457594,2.1989712715148926
20000,0.3,heterogeneous,raw,tlearner,lgbm,1,0.19336888592221718,0.16408000000000006,0.029288885922217123,1.7116427421569824
20000,0.3,heterogeneous,concept,dr,lgbm,1,0.24179098552501557,0.16408000000000006,0.07771098552501551,3.9426610469818115
20000,0.3,heterogeneous,concept,dr,linear,1,0.24393257655239603,0.16408000000000006,0.07985257655239597,0.05397510528564453
20000,0.3,heterogeneous,concept,tlearner,lgbm,1,0.23870763620249127,0.16408000000000006,0.07462763620249122,1.4837000370025635
20000,0.3,heterogeneous,learned,dr,lgbm,1,0.22988228351034476,0.16408000000000006,0.0658022835103447,3.792672872543335
20000,0.3,heterogeneous,learned,dr,linear,1,0.23565117300907207,0.16408000000000006,0.07157117300907201,0.057637929916381836
20000,0.3,heterogeneous,learned,tlearner,lgbm,1,0.23153434067556727,0.16408000000000006,0.06745434067556721,1.3435420989990234
20000,0.3,heterogeneous,raw,dr,lgbm,2,0.19534910273340889,0.16408000000000006,0.03126910273340883,6.652198076248169
20000,0.3,heterogeneous,raw,dr,linear,2,0.20247136769634902,0.16408000000000006,0.03839136769634896,2.308202028274536
20000,0.3,heterogeneous,raw,tlearner,lgbm,2,0.1984394954260776,0.16408000000000006,0.03435949542607755,1.7114670276641846
20000,0.3,heterogeneous,concept,dr,lgbm,2,0.24782847103335803,0.16408000000000006,0.08374847103335797,3.9742658138275146
20000,0.3,heterogeneous,concept,dr,linear,2,0.251090523208799,0.16408000000000006,0.08701052320879893,0.0529332160949707
20000,0.3,heterogeneous,concept,tlearner,lgbm,2,0.2457346558314188,0.16408000000000006,0.08165465583141873,1.4908552169799805
20000,0.3,heterogeneous,learned,dr,lgbm,2,0.23987715979994773,0.16408000000000006,0.07579715979994767,3.7869460582733154
20000,0.3,heterogeneous,learned,dr,linear,2,0.24326753973566076,0.16408000000000006,0.0791875397356607,0.05429577827453613
20000,0.3,heterogeneous,learned,tlearner,lgbm,2,0.23866113599480424,0.16408000000000006,0.07458113599480418,1.334306001663208
20000,0.3,heterogeneous,raw,dr,lgbm,3,0.23145557388738386,0.16408000000000006,0.0673755738873838,6.445601940155029
20000,0.3,heterogeneous,raw,dr,linear,3,0.22627056068238363,0.16408000000000006,0.06219056068238357,2.102275848388672
20000,0.3,heterogeneous,raw,tlearner,lgbm,3,0.19593247357597868,0.16408000000000006,0.03185247357597862,1.669586181640625
20000,0.3,heterogeneous,concept,dr,lgbm,3,0.24423075868137617,0.16408000000000006,0.08015075868137611,3.989090919494629
20000,0.3,heterogeneous,concept,dr,linear,3,0.24799551687952784,0.16408000000000006,0.08391551687952778,0.05402398109436035
20000,0.3,heterogeneous,concept,tlearner,lgbm,3,0.24056145879547158,0.16408000000000006,0.07648145879547152,1.4300198554992676
20000,0.3,heterogeneous,learned,dr,lgbm,3,0.23504195330867003,0.16408000000000006,0.07096195330866997,3.8203988075256348
20000,0.3,heterogeneous,learned,dr,linear,3,0.2395041491516483,0.16408000000000006,0.07542414915164825,0.05513906478881836
20000,0.3,heterogeneous,learned,tlearner,lgbm,3,0.23360854697910116,0.16408000000000006,0.0695285469791011,1.3533382415771484
20000,0.3,heterogeneous,raw,dr,lgbm,4,0.18206348529699717,0.16408000000000006,0.017983485296997115,6.4758899211883545
20000,0.3,heterogeneous,raw,dr,linear,4,0.18387532499296544,0.16408000000000006,0.01979532499296538,2.1359899044036865
20000,0.3,heterogeneous,raw,tlearner,lgbm,4,0.18803752018897127,0.16408000000000006,0.02395752018897121,1.6956143379211426
20000,0.3,heterogeneous,concept,dr,lgbm,4,0.2382982811124115,0.16408000000000006,0.07421828111241144,3.9971230030059814
20000,0.3,heterogeneous,concept,dr,linear,4,0.2422667845108581,0.16408000000000006,0.07818678451085803,0.05533599853515625
20000,0.3,heterogeneous,concept,tlearner,lgbm,4,0.2363333745540601,0.16408000000000006,0.07225337455406003,1.4954791069030762
20000,0.3,heterogeneous,learned,dr,lgbm,4,0.22994791453256713,0.16408000000000006,0.06586791453256707,3.861955165863037
20000,0.3,heterogeneous,learned,dr,linear,4,0.2364315902427725,0.16408000000000006,0.07235159024277243,0.054689884185791016
20000,0.3,heterogeneous,learned,tlearner,lgbm,4,0.23127701403555315,0.16408000000000006,0.06719701403555309,1.3584461212158203
20000,0.3,heterogeneous,raw,dr,lgbm,5,0.19167780955845518,0.16408000000000006,0.027597809558455116,6.587587118148804
20000,0.3,heterogeneous,raw,dr,linear,5,0.1956761376444535,0.16408000000000006,0.03159613764445343,2.295063018798828
20000,0.3,heterogeneous,raw,tlearner,lgbm,5,0.18472156634740206,0.16408000000000006,0.020641566347401996,1.7074551582336426
20000,0.3,heterogeneous,concept,dr,lgbm,5,0.242583769566079,0.16408000000000006,0.07850376956607893,4.004273891448975
20000,0.3,heterogeneous,concept,dr,linear,5,0.24247206126531964,0.16408000000000006,0.07839206126531958,0.05381178855895996
20000,0.3,heterogeneous,concept,tlearner,lgbm,5,0.2389940627112277,0.16408000000000006,0.07491406271122764,1.4526000022888184
20000,0.3,heterogeneous,learned,dr,lgbm,5,0.22720614152852148,0.16408000000000006,0.06312614152852142,3.797822952270508
20000,0.3,heterogeneous,learned,dr,linear,5,0.22840447459339874,0.16408000000000006,0.06432447459339868,0.05423116683959961
20000,0.3,heterogeneous,learned,tlearner,lgbm,5,0.2265427999243035,0.16408000000000006,0.06246279992430345,1.3472540378570557
20000,0.3,heterogeneous,raw,dr,lgbm,6,0.1811926925086621,0.16408000000000006,0.017112692508662042,6.546202182769775
20000,0.3,heterogeneous,raw,dr,linear,6,0.19537396983963667,0.16408000000000006,0.031293969839636615,2.0816850662231445
20000,0.3,heterogeneous,raw,tlearner,lgbm,6,0.18759081995185165,0.16408000000000006,0.023510819951851586,1.6737020015716553
20000,0.3,heterogeneous,concept,dr,lgbm,6,0.24033458165869281,0.16408000000000006,0.07625458165869275,3.9882500171661377
20000,0.3,heterogeneous,concept,dr,linear,6,0.24338506170732252,0.16408000000000006,0.07930506170732246,0.05452322959899902
20000,0.3,heterogeneous,concept,tlearner,lgbm,6,0.23725006795507078,0.16408000000000006,0.07317006795507072,1.5054059028625488
20000,0.3,heterogeneous,learned,dr,lgbm,6,0.22950402552811666,0.16408000000000006,0.0654240255281166,3.921799898147583
20000,0.3,heterogeneous,learned,dr,linear,6,0.23528594624586477,0.16408000000000006,0.07120594624586471,0.05476093292236328
20000,0.3,heterogeneous,learned,tlearner,lgbm,6,0.23004277421117708,0.16408000000000006,0.06596277421117702,1.3553340435028076
20000,0.3,heterogeneous,raw,dr,lgbm,7,0.17791062213242048,0.16408000000000006,0.013830622132420423,6.61492395401001
20000,0.3,heterogeneous,raw,dr,linear,7,0.18512821028961848,0.16408000000000006,0.021048210289618424,2.2858619689941406
20000,0.3,heterogeneous,raw,tlearner,lgbm,7,0.19255500259119185,0.16408000000000006,0.02847500259119179,1.7178690433502197
20000,0.3,heterogeneous,concept,dr,lgbm,7,0.24516815535895436,0.16408000000000006,0.0810881553589543,3.955528974533081
20000,0.3,heterogeneous,concept,dr,linear,7,0.24671428084979863,0.16408000000000006,0.08263428084979857,0.054327964782714844
20000,0.3,heterogeneous,concept,tlearner,lgbm,7,0.24186972241931898,0.16408000000000006,0.07778972241931892,1.4678418636322021
20000,0.3,heterogeneous,learned,dr,lgbm,7,0.2318908236045874,0.16408000000000006,0.06781082360458734,3.8567140102386475
20000,0.3,heterogeneous,learned,dr,linear,7,0.23784059186556303,0.16408000000000006,0.07376059186556297,0.054203033447265625
20000,0.3,heterogeneous,learned,tlearner,lgbm,7,0.2292559376274209,0.16408000000000006,0.06517593762742085,1.3643419742584229
20000,0.3,heterogeneous,raw,dr,lgbm,8,0.19967582321789937,0.16408000000000006,0.03559582321789931,6.510910987854004
20000,0.3,heterogeneous,raw,dr,linear,8,0.2034045429632513,0.16408000000000006,0.03932454296325125,2.1497318744659424
20000,0.3,heterogeneous,raw,tlearner,lgbm,8,0.1836415075300986,0.16408000000000006,0.019561507530098554,1.6466789245605469
20000,0.3,heterogeneous,concept,dr,lgbm,8,0.23403086073814572,0.16408000000000006,0.06995086073814566,3.9002699851989746
20000,0.3,heterogeneous,concept,dr,linear,8,0.2374273256213703,0.16408000000000006,0.07334732562137025,0.05548596382141113
20000,0.3,heterogeneous,concept,tlearner,lgbm,8,0.23121199160942404,0.16408000000000006,0.06713199160942399,1.4483158588409424
20000,0.3,heterogeneous,learned,dr,lgbm,8,0.2195766635878791,0.16408000000000006,0.05549666358787905,3.8776729106903076
20000,0.3,heterogeneous,learned,dr,linear,8,0.22466849086150004,0.16408000000000006,0.06058849086149998,0.05443215370178223
20000,0.3,heterogeneous,learned,tlearner,lgbm,8,0.2222885756285814,0.16408000000000006,0.05820857562858134,1.3541927337646484
20000,0.3,heterogeneous,raw,dr,lgbm,9,0.2026922863542828,0.16408000000000006,0.03861228635428274,6.341858148574829
20000,0.3,heterogeneous,raw,dr,linear,9,0.20357480284558976,0.16408000000000006,0.039494802845589705,2.1116909980773926
20000,0.3,heterogeneous,raw,tlearner,lgbm,9,0.19534094936853044,0.16408000000000006,0.03126094936853038,1.680940866470337
20000,0.3,heterogeneous,concept,dr,lgbm,9,0.2526831104853238,0.16408000000000006,0.08860311048532377,4.017928123474121
20000,0.3,heterogeneous,concept,dr,linear,9,0.25539019182407546,0.16408000000000006,0.0913101918240754,0.05750083923339844
20000,0.3,heterogeneous,concept,tlearner,lgbm,9,0.24965199222061152,0.16408000000000006,0.08557199222061146,1.4936859607696533
20000,0.3,heterogeneous,learned,dr,lgbm,9,0.23539865679845728,0.16408000000000006,0.07131865679845723,3.8405909538269043
20000,0.3,heterogeneous,learned,dr,linear,9,0.23764088405150605,0.16408000000000006,0.07356088405150599,0.05658888816833496
20000,0.3,heterogeneous,learned,tlearner,lgbm,9,0.23551060218789663,0.16408000000000006,0.07143060218789657,1.3648269176483154
1000,0.6,heterogeneous,raw,dr,lgbm,0,0.31477176490536596,0.16408000000000006,0.1506917649053659,2.5974769592285156
1000,0.6,heterogeneous,raw,dr,linear,0,0.13856423730048487,0.16408000000000006,0.025515762699515193,0.13741302490234375
1000,0.6,heterogeneous,raw,tlearner,lgbm,0,0.2376107445851554,0.16408000000000006,0.07353074458515535,0.785175085067749
1000,0.6,heterogeneous,concept,dr,lgbm,0,0.3200719011796474,0.16408000000000006,0.15599190117964734,2.0489819049835205
1000,0.6,heterogeneous,concept,dr,linear,0,0.3526308789747629,0.16408000000000006,0.18855087897476286,0.01384592056274414
1000,0.6,heterogeneous,concept,tlearner,lgbm,0,0.29570016996470916,0.16408000000000006,0.1316201699647091,0.6980748176574707
1000,0.6,heterogeneous,learned,dr,lgbm,0,0.2805385684420237,0.16408000000000006,0.11645856844202362,1.9343609809875488
1000,0.6,heterogeneous,learned,dr,linear,0,0.2472186721853215,0.16408000000000006,0.08313867218532145,0.012498855590820312
1000,0.6,heterogeneous,learned,tlearner,lgbm,0,0.27308275220843936,0.16408000000000006,0.1090027522084393,0.624392032623291
1000,0.6,heterogeneous,raw,dr,lgbm,1,0.5231546954672321,0.16408000000000006,0.3590746954672321,2.7237298488616943
1000,0.6,heterogeneous,raw,dr,linear,1,0.4675061799755054,0.16408000000000006,0.30342617997550536,0.1371912956237793
1000,0.6,heterogeneous,raw,tlearner,lgbm,1,0.24725695729324149,0.16408000000000006,0.08317695729324143,0.8194077014923096
1000,0.6,heterogeneous,concept,dr,lgbm,1,0.33537535572057187,0.16408000000000006,0.1712953557205718,2.0141818523406982
1000,0.6,heterogeneous,concept,dr,linear,1,0.33237622547633966,0.16408000000000006,0.1682962254763396,0.012412071228027344
1000,0.6,heterogeneous,concept,tlearner,lgbm,1,0.2916341299033889,0.16408000000000006,0.12755412990338882,0.7130260467529297
1000,0.6,heterogeneous,learned,dr,lgbm,1,0.2759887752623056,0.16408000000000006,0.11190877526230553,1.9263269901275635
1000,0.6,heterogeneous,learned,dr,linear,1,0.24379228618040258,0.16408000000000006,0.07971228618040252,0.011228322982788086
1000,0.6,heterogeneous,learned,tlearner,lgbm,1,0.2156057585701436,0.16408000000000006,0.05152575857014355,0.6267569065093994
1000,0.6,heterogeneous,raw,dr,lgbm,2,1.2130019470649525,0.16408000000000006,1.0489219470649525,2.5864500999450684
1000,0.6,heterogeneous,raw,dr,linear,2,1.4169990066497007,0.16408000000000006,1.2529190066497007,0.1358332633972168
1000,0.6,heterogeneous,raw,tlearner,lgbm,2,0.32936992088158346,0.16408000000000006,0.1652899208815834,0.7519350051879883
1000,0.6,heterogeneous,concept,dr,lgbm,2,0.32070146653158266,0.16408000000000006,0.1566214665315826,2.0626940727233887
1000,0.6,heterogeneous,concept,dr,linear,2,0.3714055734265894,0.16408000000000006,0.20732557342658936,0.01244974136352539
1000,0.6,heterogeneous,concept,tlearner,lgbm,2,0.34864551220860296,0.16408000000000006,0.1845655122086029,0.6954810619354248
1000,0.6,heterogeneous,learned,dr,lgbm,2,0.2631648274788172,0.16408000000000006,0.09908482747881714,2.0092601776123047
1000,0.6,heterogeneous,learned,dr,linear,2,0.2186199518348227,0.16408000000000006,0.05453995183482263,0.011621952056884766
1000,0.6,heterogeneous,learned,tlearner,lgbm,2,0.3984136165217019,0.16408000000000006,0.23433361652170182,0.6491189002990723
1000,0.6,heterogeneous,raw,dr,lgbm,3,0.5127833839707977,0.16408000000000006,0.34870338397079764,2.7275218963623047
1000,0.6,heterogeneous,raw,dr,linear,3,1.0515671848499637,0.16408000000000006,0.8874871848499637,0.1359119415283203
1000,0.6,heterogeneous,raw,tlearner,lgbm,3,0.31586702591668014,0.16408000000000006,0.15178702591668009,0.7875657081604004
1000,0.6,heterogeneous,concept,dr,lgbm,3,0.3463992171258378,0.16408000000000006,0.18231921712583776,2.139554023742676
1000,0.6,heterogeneous,concept,dr,linear,3,0.3477755446695807,0.16408000000000006,0.18369554466958066,0.012855052947998047
1000,0.6,heterogeneous,concept,tlearner,lgbm,3,0.3451039872211005,0.16408000000000006,0.18102398722110047,0.6948249340057373
1000,0.6,heterogeneous,learned,dr,lgbm,3,0.3582106927103509,0.16408000000000006,0.19413069271035083,1.9715468883514404
1000,0.6,heterogeneous,learned,dr,linear,3,0.47905515856200764,0.16408000000000006,0.3149751585620076,0.011250019073486328
1000,0.6,heterogeneous,learned,tlearner,lgbm,3,0.34829689432559335,0.16408000000000006,0.1842168943255933,0.6165139675140381
1000,0.6,heterogeneous,raw,dr,lgbm,4,0.9077354662540105,0.16408000000000006,0.7436554662540105,2.6171319484710693
1000,0.6,heterogeneous,raw,dr,linear,4,0.4844380113776698,0.16408000000000006,0.3203580113776697,0.13370490074157715
1000,0.6,heterogeneous,raw,tlearner,lgbm,4,0.22202852463699047,0.16408000000000006,0.057948524636990406,0.7879970073699951
1000,0.6,heterogeneous,concept,dr,lgbm,4,0.2850561247713867,0.16408000000000006,0.12097612477138664,2.1130409240722656
1000,0.6,heterogeneous,concept,dr,linear,4,0.24371512634148332,0.16408000000000006,0.07963512634148326,0.012777090072631836
1000,0.6,heterogeneous,concept,tlearner,lgbm,4,0.28405653859203533,0.16408000000000006,0.11997653859203528,0.7365009784698486
1000,0.6,heterogeneous,learned,dr,lgbm,4,0.30533389527804605,0.16408000000000006,0.141253895278046,2.000643253326416
1000,0.6,heterogeneous,learned,dr,linear,4,0.24194587663334907,0.16408000000000006,0.07786587663334901,0.01171112060546875
1000,0.6,heterogeneous,learned,tlearner,lgbm,4,0.23427699830099588,0.16408000000000006,0.07019699830099582,0.641777753829956
1000,0.6,heterogeneous,raw,dr,lgbm,5,1.011793805864663,0.16408000000000006,0.8477138058646629,2.5981838703155518
1000,0.6,heterogeneous,raw,dr,linear,5,1.1019120304327177,0.16408000000000006,0.9378320304327177,0.13351106643676758
1000,0.6,heterogeneous,raw,tlearner,lgbm,5,0.2934767140606304,0.16408000000000006,0.12939671406063036,0.7593841552734375
1000,0.6,heterogeneous,concept,dr,lgbm,5,0.3192935704087912,0.16408000000000006,0.15521357040879113,2.1490511894226074
1000,0.6,heterogeneous,concept,dr,linear,5,0.3233571033627313,0.16408000000000006,0.15927710336273126,0.01284933090209961
1000,0.6,heterogeneous,concept,tlearner,lgbm,5,0.3110940345619058,0.16408000000000006,0.14701403456190576,0.7375640869140625
1000,0.6,heterogeneous,learned,dr,lgbm,5,0.42681359608852526,0.16408000000000006,0.2627335960885252,2.051090955734253
1000,0.6,heterogeneous,learned,dr,linear,5,0.37434772667727595,0.16408000000000006,0.2102677266772759,0.012073993682861328
1000,0.6,heterogeneous,learned,tlearner,lgbm,5,0.28183679761711616,0.16408000000000006,0.1177567976171161,0.6489019393920898
1000,0.6,heterogeneous,raw,dr,lgbm,6,1.106733281333906,0.16408000000000006,0.9426532813339059,2.654772996902466
1000,0.6,heterogeneous,raw,dr,linear,6,0.8156820339142307,0.16408000000000006,0.6516020339142305,0.13586783409118652
1000,0.6,heterogeneous,raw,tlearner,lgbm,6,0.27626090949143145,0.16408000000000006,0.11218090949143139,0.7793920040130615
1000,0.6,heterogeneous,concept,dr,lgbm,6,0.38083500609104415,0.16408000000000006,0.2167550060910441,2.068833827972412
1000,0.6,heterogeneous,concept,dr,linear,6,0.3740140974671892,0.16408000000000006,0.20993409746718916,0.012724161148071289
1000,0.6,heterogeneous,concept,tlearner,lgbm,6,0.3589709093860889,0.16408000000000006,0.19489090938608883,0.7110569477081299
1000,0.6,heterogeneous,learned,dr,lgbm,6,0.3594053630847074,0.16408000000000006,0.19532536308470733,2.0953779220581055
1000,0.6,heterogeneous,learned,dr,linear,6,0.534823053568329,0.16408000000000006,0.370743053568329,0.012276887893676758
1000,0.6,heterogeneous,learned,tlearner,lgbm,6,0.3239300787981023,0.16408000000000006,0.15985007879810226,0.6268763542175293
1000,0.6,heterogeneous,raw,dr,lgbm,7,0.6952537005603574,0.16408000000000006,0.5311737005603574,2.523110866546631
1000,0.6,heterogeneous,raw,dr,linear,7,0.9363354365484778,0.16408000000000006,0.7722554365484777,0.1380631923675537
1000,0.6,heterogeneous,raw,tlearner,lgbm,7,0.24470568345531854,0.16408000000000006,0.08062568345531848,0.7751920223236084
1000,0.6,heterogeneous,concept,dr,lgbm,7,0.2569251126186063,0.16408000000000006,0.09284511261860623,2.035013198852539
1000,0.6,heterogeneous,concept,dr,linear,7,0.2726005037949239,0.16408000000000006,0.10852050379492384,0.012840986251831055
1000,0.6,heterogeneous,concept,tlearner,lgbm,7,0.2896676353747953,0.16408000000000006,0.12558763537479523,0.7028002738952637
1000,0.6,heterogeneous,learned,dr,lgbm,7,0.3425122160102166,0.16408000000000006,0.17843221601021653,1.9106528759002686
1000,0.6,heterogeneous,learned,dr,linear,7,0.3095801543425831,0.16408000000000006,0.14550015434258307,0.011820077896118164
1000,0.6,heterogeneous,learned,tlearner,lgbm,7,0.24521016129270323,0.16408000000000006,0.08113016129270317,0.6455879211425781
1000,0.6,heterogeneous,raw,dr,lgbm,8,0.14465475822235035,0.16408000000000006,0.019425241777649704,2.605767011642456
1000,0.6,heterogeneous,raw,dr,linear,8,-0.08421301179074539,0.16408000000000006,0.24829301179074545,0.13387703895568848
1000,0.6,heterogeneous,raw,tlearner,lgbm,8,0.21716226986606482,0.16408000000000006,0.05308226986606476,0.7760860919952393
1000,0.6,heterogeneous,concept,dr,lgbm,8,0.28240846854195584,0.16408000000000006,0.11832846854195578,1.9863412380218506
1000,0.6,heterogeneous,concept,dr,linear,8,0.2628354965646197,0.16408000000000006,0.09875549656461963,0.01279592514038086
1000,0.6,heterogeneous,concept,tlearner,lgbm,8,0.260051110380615,0.16408000000000006,0.09597111038061495,0.718743085861206
1000,0.6,heterogeneous,learned,dr,lgbm,8,0.2850419076579184,0.16408000000000006,0.12096190765791837,1.910646915435791
1000,0.6,heterogeneous,learned,dr,linear,8,0.23146929338181904,0.16408000000000006,0.06738929338181898,0.01205301284790039
1000,0.6,heterogeneous,learned,tlearner,lgbm,8,0.3006262179110471,0.16408000000000006,0.13654621791104704,0.633868932723999
1000,0.6,heterogeneous,raw,dr,lgbm,9,0.6916211392474549,0.16408000000000006,0.5275411392474549,2.6329329013824463
1000,0.6,heterogeneous,raw,dr,linear,9,1.179804223965695,0.16408000000000006,1.015724223965695,0.13112783432006836
1000,0.6,heterogeneous,raw,tlearner,lgbm,9,0.2492203153077926,0.16408000000000006,0.08514031530779254,0.7802681922912598
1000,0.6,heterogeneous,concept,dr,lgbm,9,0.3110691566582147,0.16408000000000006,0.14698915665821466,2.1945080757141113
1000,0.6,heterogeneous,concept,dr,linear,9,0.32851252178769974,0.16408000000000006,0.16443252178769968,0.012830972671508789
1000,0.6,heterogeneous,concept,tlearner,lgbm,9,0.2703836941067764,0.16408000000000006,0.10630369410677631,0.7590341567993164
1000,0.6,heterogeneous,learned,dr,lgbm,9,0.2746624061227357,0.16408000000000006,0.11058240612273562,1.9366960525512695
1000,0.6,heterogeneous,learned,dr,linear,9,0.23652564222734365,0.16408000000000006,0.07244564222734359,0.011902093887329102
1000,0.6,heterogeneous,learned,tlearner,lgbm,9,0.3465349030248944,0.16408000000000006,0.18245490302489437,0.643402099609375
2000,0.6,heterogeneous,raw,dr,lgbm,0,0.5784868181233174,0.16408000000000006,0.4144068181233173,3.2357821464538574
2000,0.6,heterogeneous,raw,dr,linear,0,0.3043339508549145,0.16408000000000006,0.14025395085491443,0.2743537425994873
2000,0.6,heterogeneous,raw,tlearner,lgbm,0,0.2188702858559109,0.16408000000000006,0.054790285855910836,1.046976089477539
2000,0.6,heterogeneous,concept,dr,lgbm,0,0.3106103555449756,0.16408000000000006,0.14653035554497557,2.624221086502075
2000,0.6,heterogeneous,concept,dr,linear,0,0.31819635667044943,0.16408000000000006,0.15411635667044937,0.01632523536682129
2000,0.6,heterogeneous,concept,tlearner,lgbm,0,0.29524516476032725,0.16408000000000006,0.1311651647603272,0.9295411109924316
2000,0.6,heterogeneous,learned,dr,lgbm,0,0.3104790341620019,0.16408000000000006,0.14639903416200184,2.4655678272247314
2000,0.6,heterogeneous,learned,dr,linear,0,0.3237779768131242,0.16408000000000006,0.15969797681312414,0.014216184616088867
2000,0.6,heterogeneous,learned,tlearner,lgbm,0,0.31806542771517193,0.16408000000000006,0.15398542771517187,0.8101890087127686
2000,0.6,heterogeneous,raw,dr,lgbm,1,0.7665598825127562,0.16408000000000006,0.6024798825127562,3.26074481010437
2000,0.6,heterogeneous,raw,dr,linear,1,0.8526305823590156,0.16408000000000006,0.6885505823590155,0.2657780647277832
2000,0.6,heterogeneous,raw,tlearner,lgbm,1,0.22657459569816601,0.16408000000000006,0.062494595698165956,1.096526861190796
2000,0.6,heterogeneous,concept,dr,lgbm,1,0.2944721945227327,0.16408000000000006,0.13039219452273265,2.655921220779419
2000,0.6,heterogeneous,concept,dr,linear,1,0.28147722613231285,0.16408000000000006,0.11739722613231279,0.015030860900878906
2000,0.6,heterogeneous,concept,tlearner,lgbm,1,0.2832393420881427,0.16408000000000006,0.11915934208814266,0.8461802005767822
2000,0.6,heterogeneous,learned,dr,lgbm,1,0.21639921600306317,0.16408000000000006,0.05231921600306311,2.409278154373169
2000,0.6,heterogeneous,learned,dr,linear,1,0.21152170353868371,0.16408000000000006,0.047441703538683655,0.014506816864013672
2000,0.6,heterogeneous,learned,tlearner,lgbm,1,0.2313227699469437,0.16408000000000006,0.06724276994694364,0.8482041358947754
2000,0.6,heterogeneous,raw,dr,lgbm,2,0.5962445507623702,0.16408000000000006,0.4321645507623701,3.3170018196105957
2000,0.6,heterogeneous,raw,dr,linear,2,0.1672153076924258,0.16408000000000006,0.0031353076924257317,0.2689499855041504
2000,0.6,heterogeneous,raw,tlearner,lgbm,2,0.29942210309371486,0.16408000000000006,0.1353421030937148,1.0502831935882568
2000,0.6,heterogeneous,concept,dr,lgbm,2,0.306810916999653,0.16408000000000006,0.14273091699965296,2.642836093902588
2000,0.6,heterogeneous,concept,dr,linear,2,0.32792748943088007,0.16408000000000006,0.16384748943088,0.015212059020996094
2000,0.6,heterogeneous,concept,tlearner,lgbm,2,0.3196383500737591,0.16408000000000006,0.15555835007375907,0.9088540077209473
2000,0.6,heterogeneous,learned,dr,lgbm,2,0.3268707763995405,0.16408000000000006,0.16279077639954043,2.594547986984253
2000,0.6,heterogeneous,learned,dr,linear,2,0.32952543383303257,0.16408000000000006,0.1654454338330325,0.014172077178955078
2000,0.6,heterogeneous,learned,tlearner,lgbm,2,0.3411901370781246,0.16408000000000006,0.17711013707812456,0.8572769165039062
2000,0.6,heterogeneous,raw,dr,lgbm,3,0.7497744555697043,0.16408000000000006,0.5856944555697043,3.222463846206665
2000,0.6,heterogeneous,raw,dr,linear,3,0.824326412724886,0.16408000000000006,0.6602464127248859,0.26696181297302246
2000,0.6,heterogeneous,raw,tlearner,lgbm,3,0.314225192441633,0.16408000000000006,0.15014519244163294,0.9893519878387451
2000,0.6,heterogeneous,concept,dr,lgbm,3,0.3840932312491147,0.16408000000000006,0.22001323124911465,2.634506940841675
2000,0.6,heterogeneous,concept,dr,linear,3,0.3639084354091694,0.16408000000000006,0.19982843540916934,0.015185117721557617
2000,0.6,heterogeneous,concept,tlearner,lgbm,3,0.3645433595501347,0.16408000000000006,0.20046335955013467,0.887401819229126
2000,0.6,heterogeneous,learned,dr,lgbm,3,0.31381473864878917,0.16408000000000006,0.1497347386487891,2.509894847869873
2000,0.6,heterogeneous,learned,dr,linear,3,0.3472402429896628,0.16408000000000006,0.1831602429896627,0.014619112014770508
2000,0.6,heterogeneous,learned,tlearner,lgbm,3,0.34699296613748287,0.16408000000000006,0.1829129661374828,0.8482997417449951
2000,0.6,heterogeneous,raw,dr,lgbm,4,0.256903480961575,0.16408000000000006,0.09282348096157494,3.210785150527954
2000,0.6,heterogeneous,raw,dr,linear,4,-0.1465140572256742,0.16408000000000006,0.31059405722567424,0.26746201515197754
2000,0.6,heterogeneous,raw,tlearner,lgbm,4,0.22352990575008674,0.16408000000000006,0.059449905750086685,1.0246059894561768
2000,0.6,heterogeneous,concept,dr,lgbm,4,0.327789695974329,0.16408000000000006,0.16370969597432894,2.5691096782684326
2000,0.6,heterogeneous,concept,dr,linear,4,0.2781105722820986,0.16408000000000006,0.11403057228209856,0.015093088150024414
2000,0.6,heterogeneous,concept,tlearner,lgbm,4,0.2830425129122802,0.16408000000000006,0.11896251291228016,0.8960011005401611
2000,0.6,heterogeneous,learned,dr,lgbm,4,0.24939430862153417,0.16408000000000006,0.08531430862153411,2.5266621112823486
2000,0.6,heterogeneous,learned,dr,linear,4,0.2755461892256938,0.16408000000000006,0.11146618922569373,0.014967918395996094
2000,0.6,heterogeneous,learned,tlearner,lgbm,4,0.2586060346963987,0.16408000000000006,0.09452603469639864,0.8343470096588135
2000,0.6,heterogeneous,raw,dr,lgbm,5,0.41310637073727974,0.16408000000000006,0.24902637073727968,3.249692916870117
2000,0.6,heterogeneous,raw,dr,linear,5,0.6712208921039146,0.16408000000000006,0.5071408921039144,0.28183698654174805
2000,0.6,heterogeneous,raw,tlearner,lgbm,5,0.2978341111552147,0.16408000000000006,0.13375411115521463,1.0439138412475586
2000,0.6,heterogeneous,concept,dr,lgbm,5,0.3464078886330979,0.16408000000000006,0.18232788863309785,2.6638150215148926
2000,0.6,heterogeneous,concept,dr,linear,5,0.3295541482397899,0.16408000000000006,0.16547414823978984,0.01625823974609375
2000,0.6,heterogeneous,concept,tlearner,lgbm,5,0.34116190554099274,0.16408000000000006,0.17708190554099268,0.8720519542694092
2000,0.6,heterogeneous,learned,dr,lgbm,5,0.3502706638212549,0.16408000000000006,0.18619066382125482,2.5460100173950195
2000,0.6,heterogeneous,learned,dr,linear,5,0.3402317860229717,0.16408000000000006,0.17615178602297166,0.014637231826782227
2000,0.6,heterogeneous,learned,tlearner,lgbm,5,0.33761408250573083,0.16408000000000006,0.17353408250573077,0.8329489231109619
2000,0.6,heterogeneous,raw,dr,lgbm,6,0.6183388725914216,0.16408000000000006,0.45425887259142156,3.2684600353240967
2000,0.6,heterogeneous,raw,dr,linear,6,0.3692338720809107,0.16408000000000006,0.20515387208091063,0.26952314376831055
2000,0.6,heterogeneous,raw,tlearner,lgbm,6,0.23916107755771066,0.16408000000000006,0.0750810775577106,1.0621728897094727
2000,0.6,heterogeneous,concept,dr,lgbm,6,0.33382803307546216,0.16408000000000006,0.1697480330754621,2.7465500831604004
2000,0.6,heterogeneous,concept,dr,linear,6,0.30926032502647127,0.16408000000000006,0.1451803250264712,0.01521921157836914
2000,0.6,heterogeneous,concept,tlearner,lgbm,6,0.30917616209855475,0.16408000000000006,0.1450961620985547,0.9144160747528076
2000,0.6,heterogeneous,learned,dr,lgbm,6,0.2528888311286197,0.16408000000000006,0.08880883112861965,2.44775390625
2000,0.6,heterogeneous,learned,dr,linear,6,0.2612982415425838,0.16408000000000006,0.09721824154258374,0.01452779769897461
2000,0.6,heterogeneous,learned,tlearner,lgbm,6,0.2776607159641571,0.16408000000000006,0.11358071596415703,0.7917299270629883
2000,0.6,heterogeneous,raw,dr,lgbm,7,0.43812458084126193,0.16408000000000006,0.2740445808412619,3.221932888031006
2000,0.6,heterogeneous,raw,dr,linear,7,0.8050625139583246,0.16408000000000006,0.6409825139583245,0.26505303382873535
2000,0.6,heterogeneous,raw,tlearner,lgbm,7,0.2759226844756257,0.16408000000000006,0.11184268447562562,1.0336949825286865
2000,0.6,heterogeneous,concept,dr,lgbm,7,0.3121748733807455,0.16408000000000006,0.14809487338074545,2.548358917236328
2000,0.6,heterogeneous,concept,dr,linear,7,0.3051515672579934,0.16408000000000006,0.14107156725799336,0.01570892333984375
2000,0.6,heterogeneous,concept,tlearner,lgbm,7,0.3049398672477569,0.16408000000000006,0.14085986724775684,0.8753700256347656
2000,0.6,heterogeneous,learned,dr,lgbm,7,0.28886992018172664,0.16408000000000006,0.12478992018172658,2.538849115371704
2000,0.6,heterogeneous,learned,dr,linear,7,0.38365390334408805,0.16408000000000006,0.219573903344088,0.015058279037475586
2000,0.6,heterogeneous,learned,tlearner,lgbm,7,0.2696925528571138,0.16408000000000006,0.10561255285711374,0.8103978633880615
2000,0.6,heterogeneous,raw,dr,lgbm,8,0.14823525648551542,0.16408000000000006,0.015844743514484644,3.138277769088745
2000,0.6,heterogeneous,raw,dr,linear,8,-0.11368828157277855,0.16408000000000006,0.2777682815727786,0.27004480361938477
2000,0.6,heterogeneous,raw,tlearner,lgbm,8,0.22146172725685412,0.16408000000000006,0.05738172725685406,1.0511350631713867
2000,0.6,heterogeneous,concept,dr,lgbm,8,0.3063772759693399,0.16408000000000006,0.14229727596933983,2.625967025756836
2000,0.6,heterogeneous,concept,dr,linear,8,0.30256466464758236,0.16408000000000006,0.1384846646475823,0.015681982040405273
2000,0.6,heterogeneous,concept,tlearner,lgbm,8,0.2888835059740086,0.16408000000000006,0.12480350597400852,0.8973109722137451
2000,0.6,heterogeneous,learned,dr,lgbm,8,0.28767494158072643,0.16408000000000006,0.12359494158072637,2.4958627223968506
2000,0.6,heterogeneous,learned,dr,linear,8,0.2835301066060718,0.16408000000000006,0.11945010660607175,0.014950037002563477
2000,0.6,heterogeneous,learned,tlearner,lgbm,8,0.29086191990275745,0.16408000000000006,0.1267819199027574,0.8486049175262451
2000,0.6,heterogeneous,raw,dr,lgbm,9,-0.12002525452032474,0.16408000000000006,0.2841052545203248,3.2401750087738037
2000,0.6,heterogeneous,raw,dr,linear,9,-0.4836224284322267,0.16408000000000006,0.6477024284322268,0.2866659164428711
2000,0.6,heterogeneous,raw,tlearner,lgbm,9,0.26767458886892864,0.16408000000000006,0.10359458886892858,1.069093942642212
2000,0.6,heterogeneous,concept,dr,lgbm,9,0.3330358081133099,0.16408000000000006,0.16895580811330985,2.702181816101074
2000,0.6,heterogeneous,concept,dr,linear,9,0.342109421360621,0.16408000000000006,0.17802942136062094,0.015599727630615234
2000,0.6,heterogeneous,concept,tlearner,lgbm,9,0.3347352539583718,0.16408000000000006,0.17065525395837172,0.9149792194366455
2000,0.6,heterogeneous,learned,dr,lgbm,9,0.3292693717850446,0.16408000000000006,0.16518937178504456,2.652143955230713
2000,0.6,heterogeneous,learned,dr,linear,9,0.20087711313154988,0.16408000000000006,0.03679711313154982,0.015025854110717773
2000,0.6,heterogeneous,learned,tlearner,lgbm,9,0.31267622450339505,0.16408000000000006,0.148596224503395,0.8490021228790283
5000,0.6,heterogeneous,raw,dr,lgbm,0,0.3287892422226766,0.16408000000000006,0.16470924222267652,3.9206669330596924
5000,0.6,heterogeneous,raw,dr,linear,0,0.21912928866633277,0.16408000000000006,0.05504928866633271,0.665435791015625
5000,0.6,heterogeneous,raw,tlearner,lgbm,0,0.2625950985935376,0.16408000000000006,0.09851509859353752,1.2847630977630615
5000,0.6,heterogeneous,concept,dr,lgbm,0,0.3149169019167167,0.16408000000000006,0.15083690191671661,3.134748935699463
5000,0.6,heterogeneous,concept,dr,linear,0,0.31782532132179475,0.16408000000000006,0.1537453213217947,0.02196788787841797
5000,0.6,heterogeneous,concept,tlearner,lgbm,0,0.3118420894435265,0.16408000000000006,0.14776208944352642,1.1106860637664795
5000,0.6,heterogeneous,learned,dr,lgbm,0,0.33985233262616477,0.16408000000000006,0.1757723326261647,2.9759938716888428
5000,0.6,heterogeneous,learned,dr,linear,0,0.3419252211826125,0.16408000000000006,0.17784522118261242,0.022343873977661133
5000,0.6,heterogeneous,learned,tlearner,lgbm,0,0.3370195830402707,0.16408000000000006,0.17293958304027063,1.0352590084075928
5000,0.6,heterogeneous,raw,dr,lgbm,1,0.35385921933667114,0.16408000000000006,0.18977921933667108,3.845919132232666
5000,0.6,heterogeneous,raw,dr,linear,1,0.3118649230340295,0.16408000000000006,0.14778492303402946,0.6222782135009766
5000,0.6,heterogeneous,raw,tlearner,lgbm,1,0.2685243584661594,0.16408000000000006,0.10444435846615935,1.2616698741912842
5000,0.6,heterogeneous,concept,dr,lgbm,1,0.3195298311182683,0.16408000000000006,0.15544983111826827,3.070996046066284
5000,0.6,heterogeneous,concept,dr,linear,1,0.3218692302524487,0.16408000000000006,0.15778923025244862,0.022172212600708008
5000,0.6,heterogeneous,concept,tlearner,lgbm,1,0.31620606759222747,0.16408000000000006,0.1521260675922274,1.1104507446289062
5000,0.6,heterogeneous,learned,dr,lgbm,1,0.31277956747497243,0.16408000000000006,0.14869956747497237,3.0841028690338135
5000,0.6,heterogeneous,learned,dr,linear,1,0.30064297754895886,0.16408000000000006,0.1365629775489588,0.021867990493774414
5000,0.6,heterogeneous,learned,tlearner,lgbm,1,0.30864604584964483,0.16408000000000006,0.14456604584964478,1.0588710308074951
5000,0.6,heterogeneous,raw,dr,lgbm,2,0.19548903530396095,0.16408000000000006,0.031409035303960886,3.91020131111145
5000,0.6,heterogeneous,raw,dr,linear,2,0.17106231530673693,0.16408000000000006,0.006982315306736875,0.5873539447784424
5000,0.6,heterogeneous,raw,tlearner,lgbm,2,0.24326946537971006,0.16408000000000006,0.07918946537971,1.2988579273223877
5000,0.6,heterogeneous,concept,dr,lgbm,2,0.30385083168149146,0.16408000000000006,0.1397708316814914,3.305838108062744
5000,0.6,heterogeneous,concept,dr,linear,2,0.29656355065156864,0.16408000000000006,0.13248355065156858,0.021918058395385742
5000,0.6,heterogeneous,concept,tlearner,lgbm,2,0.2887714465936827,0.16408000000000006,0.12469144659368264,1.1637029647827148
5000,0.6,heterogeneous,learned,dr,lgbm,2,0.2732143763367039,0.16408000000000006,0.10913437633670386,3.0498549938201904
5000,0.6,heterogeneous,learned,dr,linear,2,0.2912552420654589,0.16408000000000006,0.12717524206545883,0.021333932876586914
5000,0.6,heterogeneous,learned,tlearner,lgbm,2,0.2820530741055933,0.16408000000000006,0.11797307410559327,1.0332341194152832
5000,0.6,heterogeneous,raw,dr,lgbm,3,0.5436794326079796,0.16408000000000006,0.3795994326079795,3.8446741104125977
5000,0.6,heterogeneous,raw,dr,linear,3,0.5220632033094335,0.16408000000000006,0.3579832033094334,0.6158549785614014
5000,0.6,heterogeneous,raw,tlearner,lgbm,3,0.2726931207493626,0.16408000000000006,0.10861312074936252,1.244391918182373
5000,0.6,heterogeneous,concept,dr,lgbm,3,0.3291341625897076,0.16408000000000006,0.16505416258970756,3.2175700664520264
5000,0.6,heterogeneous,concept,dr,linear,3,0.32827647625548834,0.16408000000000006,0.16419647625548828,0.022470951080322266
5000,0.6,heterogeneous,concept,tlearner,lgbm,3,0.3264237878545334,0.16408000000000006,0.16234378785453335,1.1219382286071777
5000,0.6,heterogeneous,learned,dr,lgbm,3,0.31243516203190336,0.16408000000000006,0.1483551620319033,3.08925199508667
5000,0.6,heterogeneous,learned,dr,linear,3,0.30501532900627715,0.16408000000000006,0.1409353290062771,0.021623849868774414
5000,0.6,heterogeneous,learned,tlearner,lgbm,3,0.31282670712639926,0.16408000000000006,0.1487467071263992,1.0483100414276123
5000,0.6,heterogeneous,raw,dr,lgbm,4,0.17365724826257992,0.16408000000000006,0.009577248262579857,3.906085968017578
5000,0.6,heterogeneous,raw,dr,linear,4,0.1538657693558314,0.16408000000000006,0.010214230644168654,0.636887788772583
5000,0.6,heterogeneous,raw,tlearner,lgbm,4,0.26398047082291676,0.16408000000000006,0.0999004708229167,1.2558231353759766
5000,0.6,heterogeneous,concept,dr,lgbm,4,0.33804225020157797,0.16408000000000006,0.1739622502015779,3.339024782180786
5000,0.6,heterogeneous,concept,dr,linear,4,0.32190761119854466,0.16408000000000006,0.1578276111985446,0.02190375328063965
5000,0.6,heterogeneous,concept,tlearner,lgbm,4,0.3147592115159323,0.16408000000000006,0.15067921151593222,1.1860811710357666
5000,0.6,heterogeneous,learned,dr,lgbm,4,0.358027606164637,0.16408000000000006,0.19394760616463697,2.989185094833374
5000,0.6,heterogeneous,learned,dr,linear,4,0.3415082461233935,0.16408000000000006,0.17742824612339342,0.021371841430664062
5000,0.6,heterogeneous,learned,tlearner,lgbm,4,0.31509658399874535,0.16408000000000006,0.1510165839987453,1.0870070457458496
5000,0.6,heterogeneous,raw,dr,lgbm,5,0.41832114237656653,0.16408000000000006,0.2542411423765665,3.9289708137512207
5000,0.6,heterogeneous,raw,dr,linear,5,0.3645962598658077,0.16408000000000006,0.20051625986580762,0.620201826095581
5000,0.6,heterogeneous,raw,tlearner,lgbm,5,0.27830219698424874,0.16408000000000006,0.11422219698424868,1.268301010131836
5000,0.6,heterogeneous,concept,dr,lgbm,5,0.3409306537961137,0.16408000000000006,0.17685065379611364,3.1689138412475586
5000,0.6,heterogeneous,concept,dr,linear,5,0.3302799120006964,0.16408000000000006,0.16619991200069634,0.021639347076416016
5000,0.6,heterogeneous,concept,tlearner,lgbm,5,0.3316135690854605,0.16408000000000006,0.16753356908546047,1.1612749099731445
5000,0.6,heterogeneous,learned,dr,lgbm,5,0.3106315844257261,0.16408000000000006,0.14655158442572602,3.0215959548950195
5000,0.6,heterogeneous,learned,dr,linear,5,0.3050072205581449,0.16408000000000006,0.14092722055814483,0.022825002670288086
5000,0.6,heterogeneous,learned,tlearner,lgbm,5,0.31542348337495607,0.16408000000000006,0.151343483374956,1.0515940189361572
5000,0.6,heterogeneous,raw,dr,lgbm,6,0.30966973206493187,0.16408000000000006,0.1455897320649318,4.1511688232421875
5000,0.6,heterogeneous,raw,dr,linear,6,0.3312268487239634,0.16408000000000006,0.16714684872396335,0.641179084777832
5000,0.6,heterogeneous,raw,tlearner,lgbm,6,0.26409511342995357,0.16408000000000006,0.1000151134299535,1.3662033081054688
5000,0.6,heterogeneous,concept,dr,lgbm,6,0.32255505075506924,0.16408000000000006,0.15847505075506918,3.454191207885742
5000,0.6,heterogeneous,concept,dr,linear,6,0.3163634667211141,0.16408000000000006,0.15228346672111404,0.023276090621948242
5000,0.6,heterogeneous,concept,tlearner,lgbm,6,0.31034063503051595,0.16408000000000006,0.1462606350305159,1.2670948505401611
5000,0.6,heterogeneous,learned,dr,lgbm,6,0.3171518354965324,0.16408000000000006,0.15307183549653236,3.1595869064331055
5000,0.6,heterogeneous,learned,dr,linear,6,0.31914116238698464,0.16408000000000006,0.15506116238698459,0.023269176483154297
5000,0.6,heterogeneous,learned,tlearner,lgbm,6,0.31895284035741683,0.16408000000000006,0.15487284035741677,1.1233930587768555
5000,0.6,heterogeneous,raw,dr,lgbm,7,0.3360453219119561,0.16408000000000006,0.17196532191195602,4.094391107559204
5000,0.6,heterogeneous,raw,dr,linear,7,0.3160570649754453,0.16408000000000006,0.15197706497544522,0.6677818298339844
5000,0.6,heterogeneous,raw,tlearner,lgbm,7,0.24862795856934816,0.16408000000000006,0.0845479585693481,1.292661190032959
5000,0.6,heterogeneous,concept,dr,lgbm,7,0.3178358430491142,0.16408000000000006,0.15375584304911416,3.196770191192627
5000,0.6,heterogeneous,concept,dr,linear,7,0.3094568841360615,0.16408000000000006,0.14537688413606142,0.02218914031982422
5000,0.6,heterogeneous,concept,tlearner,lgbm,7,0.3131596114416742,0.16408000000000006,0.14907961144167414,1.1553888320922852
5000,0.6,heterogeneous,learned,dr,lgbm,7,0.28751694683456747,0.16408000000000006,0.12343694683456741,3.0587270259857178
5000,0.6,heterogeneous,learned,dr,linear,7,0.28863750524544707,0.16408000000000006,0.12455750524544701,0.021064043045043945
5000,0.6,heterogeneous,learned,tlearner,lgbm,7,0.2791403601763457,0.16408000000000006,0.11506036017634563,1.0689811706542969
5000,0.6,heterogeneous,raw,dr,lgbm,8,0.3032217929000058,0.16408000000000006,0.13914179290000572,4.050511837005615
5000,0.6,heterogeneous,raw,dr,linear,8,0.21000888291924258,0.16408000000000006,0.04592888291924252,0.6370241641998291
5000,0.6,heterogeneous,raw,tlearner,lgbm,8,0.2306278981283313,0.16408000000000006,0.06654789812833123,1.291245698928833
5000,0.6,heterogeneous,concept,dr,lgbm,8,0.30910799360893404,0.16408000000000006,0.14502799360893398,3.0654280185699463
5000,0.6,heterogeneous,concept,dr,linear,8,0.29912305956592317,0.16408000000000006,0.1350430595659231,0.023025035858154297
5000,0.6,heterogeneous,concept,tlearner,lgbm,8,0.2864569252788142,0.16408000000000006,0.12237692527881416,1.1683909893035889
5000,0.6,heterogeneous,learned,dr,lgbm,8,0.28039829873547806,0.16408000000000006,0.116318298735478,3.019306182861328
5000,0.6,heterogeneous,learned,dr,linear,8,0.2702287839077991,0.16408000000000006,0.10614878390779903,0.024445056915283203
5000,0.6,heterogeneous,learned,tlearner,lgbm,8,0.2801417879600738,0.16408000000000006,0.11606178796007371,1.095660924911499
5000,0.6,heterogeneous,raw,dr,lgbm,9,0.09780728760037101,0.16408000000000006,0.06627271239962905,4.6286749839782715
5000,0.6,heterogeneous,raw,dr,linear,9,0.041932335813881165,0.16408000000000006,0.12214766418611889,0.7949628829956055
5000,0.6,heterogeneous,raw,tlearner,lgbm,9,0.25743547987714305,0.16408000000000006,0.09335547987714299,1.487196922302246
5000,0.6,heterogeneous,concept,dr,lgbm,9,0.3328371994064144,0.16408000000000006,0.16875719940641432,3.891371965408325
5000,0.6,heterogeneous,concept,dr,linear,9,0.3266713602075018,0.16408000000000006,0.16259136020750176,0.02562689781188965
5000,0.6,heterogeneous,concept,tlearner,lgbm,9,0.31869045142889224,0.16408000000000006,0.15461045142889218,1.372849941253662
5000,0.6,heterogeneous,learned,dr,lgbm,9,0.28198634807199824,0.16408000000000006,0.11790634807199818,3.291823148727417
5000,0.6,heterogeneous,learned,dr,linear,9,0.2932295442447593,0.16408000000000006,0.12914954424475922,0.02422809600830078
5000,0.6,heterogeneous,learned,tlearner,lgbm,9,0.288751446292251,0.16408000000000006,0.12467144629225096,1.1460459232330322
10000,0.6,heterogeneous,raw,dr,lgbm,0,0.2598546361097777,0.16408000000000006,0.09577463610977766,5.1534812450408936
10000,0.6,heterogeneous,raw,dr,linear,0,0.25194237423631327,0.16408000000000006,0.08786237423631321,1.289060115814209
10000,0.6,heterogeneous,raw,tlearner,lgbm,0,0.25174307000586393,0.16408000000000006,0.08766307000586387,1.4421029090881348
10000,0.6,heterogeneous,concept,dr,lgbm,0,0.30497311784611875,0.16408000000000006,0.1408931178461187,3.701314926147461
10000,0.6,heterogeneous,concept,dr,linear,0,0.30531943133057843,0.16408000000000006,0.14123943133057837,0.03374075889587402
10000,0.6,heterogeneous,concept,tlearner,lgbm,0,0.2973515672693237,0.16408000000000006,0.13327156726932365,1.3729619979858398
10000,0.6,heterogeneous,learned,dr,lgbm,0,0.2960780823076549,0.16408000000000006,0.13199808230765486,3.3567278385162354
10000,0.6,heterogeneous,learned,dr,linear,0,0.2963591766571188,0.16408000000000006,0.13227917665711875,0.03484296798706055
10000,0.6,heterogeneous,learned,tlearner,lgbm,0,0.29512990828921,0.16408000000000006,0.13104990828920993,1.1747546195983887
10000,0.6,heterogeneous,raw,dr,lgbm,1,0.3153385382299161,0.16408000000000006,0.15125853822991603,4.886368036270142
10000,0.6,heterogeneous,raw,dr,linear,1,0.2855226586481029,0.16408000000000006,0.12144265864810283,1.3067898750305176
10000,0.6,heterogeneous,raw,tlearner,lgbm,1,0.26768472237370144,0.16408000000000006,0.10360472237370139,1.4509902000427246
10000,0.6,heterogeneous,concept,dr,lgbm,1,0.3203833912029665,0.16408000000000006,0.15630339120296644,3.664984941482544
10000,0.6,heterogeneous,concept,dr,linear,1,0.31553888925229595,0.16408000000000006,0.1514588892522959,0.03497600555419922
10000,0.6,heterogeneous,concept,tlearner,lgbm,1,0.3167889323136069,0.16408000000000006,0.15270893231360683,1.3133985996246338
10000,0.6,heterogeneous,learned,dr,lgbm,1,0.3071142767701247,0.16408000000000006,0.14303427677012465,3.38954496383667
10000,0.6,heterogeneous,learned,dr,linear,1,0.2997344681501859,0.16408000000000006,0.13565446815018584,0.03413200378417969
10000,0.6,heterogeneous,learned,tlearner,lgbm,1,0.3081148908585814,0.16408000000000006,0.14403489085858134,1.1900951862335205
10000,0.6,heterogeneous,raw,dr,lgbm,2,0.23814903568339352,0.16408000000000006,0.07406903568339346,4.888556957244873
10000,0.6,heterogeneous,raw,dr,linear,2,0.2733756643054606,0.16408000000000006,0.10929566430546056,1.212913990020752
10000,0.6,heterogeneous,raw,tlearner,lgbm,2,0.2620976534686452,0.16408000000000006,0.09801765346864516,1.4446468353271484
10000,0.6,heterogeneous,concept,dr,lgbm,2,0.3085253770974249,0.16408000000000006,0.14444537709742483,3.7531163692474365
10000,0.6,heterogeneous,concept,dr,linear,2,0.3092388639049442,0.16408000000000006,0.14515886390494415,0.03428387641906738
10000,0.6,heterogeneous,concept,tlearner,lgbm,2,0.30436142860278603,0.16408000000000006,0.14028142860278597,1.337641954421997
10000,0.6,heterogeneous,learned,dr,lgbm,2,0.31110656698330147,0.16408000000000006,0.1470265669833014,3.455653667449951
10000,0.6,heterogeneous,learned,dr,linear,2,0.32295042228864557,0.16408000000000006,0.1588704222886455,0.03469681739807129
10000,0.6,heterogeneous,learned,tlearner,lgbm,2,0.3092536778508275,0.16408000000000006,0.14517367785082747,1.2539699077606201
10000,0.6,heterogeneous,raw,dr,lgbm,3,0.3068121462521705,0.16408000000000006,0.14273214625217046,4.8435821533203125
10000,0.6,heterogeneous,raw,dr,linear,3,0.32455537098628096,0.16408000000000006,0.1604753709862809,1.1827387809753418
10000,0.6,heterogeneous,raw,tlearner,lgbm,3,0.2913671461379248,0.16408000000000006,0.12728714613792474,1.4207189083099365
10000,0.6,heterogeneous,concept,dr,lgbm,3,0.33445576690894163,0.16408000000000006,0.17037576690894157,3.617779016494751
10000,0.6,heterogeneous,concept,dr,linear,3,0.333546938842248,0.16408000000000006,0.16946693884224795,0.03223299980163574
10000,0.6,heterogeneous,concept,tlearner,lgbm,3,0.3311646005463087,0.16408000000000006,0.16708460054630864,1.2781331539154053
10000,0.6,heterogeneous,learned,dr,lgbm,3,0.32706083225894306,0.16408000000000006,0.162980832258943,3.4283459186553955
10000,0.6,heterogeneous,learned,dr,linear,3,0.33134917127342867,0.16408000000000006,0.1672691712734286,0.03200793266296387
10000,0.6,heterogeneous,learned,tlearner,lgbm,3,0.32905311495263584,0.16408000000000006,0.16497311495263578,1.173407793045044
10000,0.6,heterogeneous,raw,dr,lgbm,4,0.28238068618380674,0.16408000000000006,0.11830068618380668,4.987550973892212
10000,0.6,heterogeneous,raw,dr,linear,4,0.286479365452561,0.16408000000000006,0.12239936545256092,1.3102331161499023
10000,0.6,heterogeneous,raw,tlearner,lgbm,4,0.2742073138883835,0.16408000000000006,0.11012731388838343,1.4056849479675293
10000,0.6,heterogeneous,concept,dr,lgbm,4,0.32211275839726583,0.16408000000000006,0.15803275839726577,3.6733529567718506
10000,0.6,heterogeneous,concept,dr,linear,4,0.3213826507768452,0.16408000000000006,0.15730265077684513,0.032759904861450195
10000,0.6,heterogeneous,concept,tlearner,lgbm,4,0.3135090577259081,0.16408000000000006,0.14942905772590803,1.341506004333496
10000,0.6,heterogeneous,learned,dr,lgbm,4,0.30939382730883047,0.16408000000000006,0.1453138273088304,3.296299934387207
10000,0.6,heterogeneous,learned,dr,linear,4,0.31790057311310305,0.16408000000000006,0.153820573113103,0.03226017951965332
10000,0.6,heterogeneous,learned,tlearner,lgbm,4,0.3107277048067692,0.16408000000000006,0.14664770480676914,1.161736011505127
10000,0.6,heterogeneous,raw,dr,lgbm,5,0.32623454924216316,0.16408000000000006,0.1621545492421631,4.977083206176758
10000,0.6,heterogeneous,raw,dr,linear,5,0.3479331454010938,0.16408000000000006,0.18385314540109376,1.2045249938964844
10000,0.6,heterogeneous,raw,tlearner,lgbm,5,0.2548919792803332,0.16408000000000006,0.09081197928033313,1.4218041896820068
10000,0.6,heterogeneous,concept,dr,lgbm,5,0.32105092470791835,0.16408000000000006,0.1569709247079183,3.6751649379730225
10000,0.6,heterogeneous,concept,dr,linear,5,0.31674170617054015,0.16408000000000006,0.1526617061705401,0.037507057189941406
10000,0.6,heterogeneous,concept,tlearner,lgbm,5,0.31331794328587087,0.16408000000000006,0.1492379432858708,1.4640789031982422
10000,0.6,heterogeneous,learned,dr,lgbm,5,0.28092792281029366,0.16408000000000006,0.1168479228102936,3.8135361671447754
10000,0.6,heterogeneous,learned,dr,linear,5,0.27398876526008586,0.16408000000000006,0.1099087652600858,0.033727169036865234
10000,0.6,heterogeneous,learned,tlearner,lgbm,5,0.2768632522382365,0.16408000000000006,0.11278325223823643,1.145845890045166
10000,0.6,heterogeneous,raw,dr,lgbm,6,0.25527066686987676,0.16408000000000006,0.0911906668698767,5.39313006401062
10000,0.6,heterogeneous,raw,dr,linear,6,0.28507524626394837,0.16408000000000006,0.12099524626394831,1.2669849395751953
10000,0.6,heterogeneous,raw,tlearner,lgbm,6,0.2580584693371733,0.16408000000000006,0.09397846933717324,1.6076381206512451
10000,0.6,heterogeneous,concept,dr,lgbm,6,0.32609020959891155,0.16408000000000006,0.1620102095989115,3.7688779830932617
10000,0.6,heterogeneous,concept,dr,linear,6,0.31926217400472945,0.16408000000000006,0.1551821740047294,0.03390097618103027
10000,0.6,heterogeneous,concept,tlearner,lgbm,6,0.3134636225236301,0.16408000000000006,0.14938362252363002,1.3080670833587646
10000,0.6,heterogeneous,learned,dr,lgbm,6,0.29988778737763006,0.16408000000000006,0.13580778737763,3.318308115005493
10000,0.6,heterogeneous,learned,dr,linear,6,0.30115133623181356,0.16408000000000006,0.1370713362318135,0.03204607963562012
10000,0.6,heterogeneous,learned,tlearner,lgbm,6,0.3051470633185278,0.16408000000000006,0.14106706331852775,1.20566987991333
10000,0.6,heterogeneous,raw,dr,lgbm,7,0.27499218421986416,0.16408000000000006,0.1109121842198641,4.764667272567749
10000,0.6,heterogeneous,raw,dr,linear,7,0.24679053883824786,0.16408000000000006,0.0827105388382478,1.1575663089752197
10000,0.6,heterogeneous,raw,tlearner,lgbm,7,0.26800537601311114,0.16408000000000006,0.10392537601311108,1.3830451965332031
10000,0.6,heterogeneous,concept,dr,lgbm,7,0.3218549601125408,0.16408000000000006,0.15777496011254072,3.611388921737671
10000,0.6,heterogeneous,concept,dr,linear,7,0.32468673594377206,0.16408000000000006,0.160606735943772,0.03299903869628906
10000,0.6,heterogeneous,concept,tlearner,lgbm,7,0.31603952707087274,0.16408000000000006,0.15195952707087268,1.3371129035949707
10000,0.6,heterogeneous,learned,dr,lgbm,7,0.29760359772096184,0.16408000000000006,0.13352359772096178,3.334348201751709
10000,0.6,heterogeneous,learned,dr,linear,7,0.29957133281923365,0.16408000000000006,0.1354913328192336,0.03319072723388672
10000,0.6,heterogeneous,learned,tlearner,lgbm,7,0.2939743303417476,0.16408000000000006,0.12989433034174752,1.1818480491638184
10000,0.6,heterogeneous,raw,dr,lgbm,8,0.25870652441202163,0.16408000000000006,0.09462652441202157,4.832589149475098
10000,0.6,heterogeneous,raw,dr,linear,8,0.24484550280850848,0.16408000000000006,0.08076550280850842,1.1394238471984863
10000,0.6,heterogeneous,raw,tlearner,lgbm,8,0.2421064836057702,0.16408000000000006,0.07802648360577014,1.413041114807129
10000,0.6,heterogeneous,concept,dr,lgbm,8,0.30690764446073526,0.16408000000000006,0.1428276444607352,3.5798919200897217
10000,0.6,heterogeneous,concept,dr,linear,8,0.30172008204885226,0.16408000000000006,0.1376400820488522,0.03141212463378906
10000,0.6,heterogeneous,concept,tlearner,lgbm,8,0.29849961664435193,0.16408000000000006,0.13441961664435187,1.3287639617919922
10000,0.6,heterogeneous,learned,dr,lgbm,8,0.2895856540582673,0.16408000000000006,0.12550565405826725,3.4140989780426025
10000,0.6,heterogeneous,learned,dr,linear,8,0.29077257927443145,0.16408000000000006,0.1266925792744314,0.03273797035217285
10000,0.6,heterogeneous,learned,tlearner,lgbm,8,0.28998269196522164,0.16408000000000006,0.12590269196522158,1.1812598705291748
10000,0.6,heterogeneous,raw,dr,lgbm,9,0.3065138918041018,0.16408000000000006,0.14243389180410176,4.86522102355957
10000,0.6,heterogeneous,raw,dr,linear,9,0.3390563698770463,0.16408000000000006,0.17497636987704623,1.235908031463623
10000,0.6,heterogeneous,raw,tlearner,lgbm,9,0.2773661023259133,0.16408000000000006,0.11328610232591324,1.444593906402588
10000,0.6,heterogeneous,concept,dr,lgbm,9,0.3382991501119998,0.16408000000000006,0.17421915011199973,3.6333868503570557
10000,0.6,heterogeneous,concept,dr,linear,9,0.33823586553164064,0.16408000000000006,0.17415586553164059,0.03275609016418457
10000,0.6,heterogeneous,concept,tlearner,lgbm,9,0.3309517052875429,0.16408000000000006,0.16687170528754286,1.312175989151001
10000,0.6,heterogeneous,learned,dr,lgbm,9,0.3187657671692825,0.16408000000000006,0.15468576716928245,3.3808979988098145
10000,0.6,heterogeneous,learned,dr,linear,9,0.31594862612524954,0.16408000000000006,0.15186862612524948,0.03498387336730957
10000,0.6,heterogeneous,learned,tlearner,lgbm,9,0.31700497698273433,0.16408000000000006,0.15292497698273427,1.192190170288086
20000,0.6,heterogeneous,raw,dr,lgbm,0,0.2568501886597593,0.16408000000000006,0.09277018865975922,6.512901067733765
20000,0.6,heterogeneous,raw,dr,linear,0,0.27135425203220953,0.16408000000000006,0.10727425203220947,2.17825984954834
20000,0.6,heterogeneous,raw,tlearner,lgbm,0,0.262051921999574,0.16408000000000006,0.09797192199957394,1.670111894607544
20000,0.6,heterogeneous,concept,dr,lgbm,0,0.31380630648689023,0.16408000000000006,0.14972630648689017,4.019521951675415
20000,0.6,heterogeneous,concept,dr,linear,0,0.31485622968814186,0.16408000000000006,0.1507762296881418,0.05505514144897461
20000,0.6,heterogeneous,concept,tlearner,lgbm,0,0.30750440719505123,0.16408000000000006,0.14342440719505117,1.482217788696289
20000,0.6,heterogeneous,learned,dr,lgbm,0,0.29752877121224713,0.16408000000000006,0.13344877121224707,3.9154789447784424
20000,0.6,heterogeneous,learned,dr,linear,0,0.30139319828976474,0.16408000000000006,0.13731319828976468,0.06003904342651367
20000,0.6,heterogeneous,learned,tlearner,lgbm,0,0.2976109106933216,0.16408000000000006,0.13353091069332151,1.363581895828247
20000,0.6,heterogeneous,raw,dr,lgbm,1,0.28061294761198247,0.16408000000000006,0.11653294761198241,6.445348262786865
20000,0.6,heterogeneous,raw,dr,linear,1,0.3036893832630442,0.16408000000000006,0.13960938326304412,2.2331619262695312
20000,0.6,heterogeneous,raw,tlearner,lgbm,1,0.2633397395479253,0.16408000000000006,0.09925973954792522,1.6454241275787354
20000,0.6,heterogeneous,concept,dr,lgbm,1,0.31351414707273345,0.16408000000000006,0.1494341470727334,3.861525058746338
20000,0.6,heterogeneous,concept,dr,linear,1,0.3138148323504528,0.16408000000000006,0.14973483235045276,0.06232905387878418
20000,0.6,heterogeneous,concept,tlearner,lgbm,1,0.3093395622125119,0.16408000000000006,0.14525956221251185,1.507014274597168
20000,0.6,heterogeneous,learned,dr,lgbm,1,0.29900799882560414,0.16408000000000006,0.13492799882560408,3.790417194366455
20000,0.6,heterogeneous,learned,dr,linear,1,0.30405961409220444,0.16408000000000006,0.13997961409220439,0.05442309379577637
20000,0.6,heterogeneous,learned,tlearner,lgbm,1,0.29979477892435136,0.16408000000000006,0.1357147789243513,1.3234078884124756
20000,0.6,heterogeneous,raw,dr,lgbm,2,0.27005407308758944,0.16408000000000006,0.10597407308758938,6.485156059265137
20000,0.6,heterogeneous,raw,dr,linear,2,0.27372343093717655,0.16408000000000006,0.10964343093717649,2.183321952819824
20000,0.6,heterogeneous,raw,tlearner,lgbm,2,0.2668964890002583,0.16408000000000006,0.10281648900025825,1.6680560111999512
20000,0.6,heterogeneous,concept,dr,lgbm,2,0.31938410495212205,0.16408000000000006,0.155304104952122,4.157721757888794
20000,0.6,heterogeneous,concept,dr,linear,2,0.32073011373566357,0.16408000000000006,0.1566501137356635,0.06096005439758301
20000,0.6,heterogeneous,concept,tlearner,lgbm,2,0.31683769234424064,0.16408000000000006,0.15275769234424058,1.613332986831665
20000,0.6,heterogeneous,learned,dr,lgbm,2,0.30804361815553033,0.16408000000000006,0.14396361815553027,3.886892080307007
20000,0.6,heterogeneous,learned,dr,linear,2,0.311247456913296,0.16408000000000006,0.1471674569132959,0.058641910552978516
20000,0.6,heterogeneous,learned,tlearner,lgbm,2,0.30777918480468436,0.16408000000000006,0.1436991848046843,1.3557281494140625
20000,0.6,heterogeneous,raw,dr,lgbm,3,0.3084823418081255,0.16408000000000006,0.14440234180812545,6.457779884338379
20000,0.6,heterogeneous,raw,dr,linear,3,0.29831714223499717,0.16408000000000006,0.1342371422349971,2.1701290607452393
20000,0.6,heterogeneous,raw,tlearner,lgbm,3,0.26596808506173586,0.16408000000000006,0.1018880850617358,1.6308691501617432
20000,0.6,heterogeneous,concept,dr,lgbm,3,0.3143021593538014,0.16408000000000006,0.15022215935380134,3.9934730529785156
20000,0.6,heterogeneous,concept,dr,linear,3,0.31801713607293236,0.16408000000000006,0.1539371360729323,0.0541231632232666
20000,0.6,heterogeneous,concept,tlearner,lgbm,3,0.31143802688764216,0.16408000000000006,0.1473580268876421,1.4538302421569824
20000,0.6,heterogeneous,learned,dr,lgbm,3,0.304784340774924,0.16408000000000006,0.14070434077492394,3.9393551349639893
20000,0.6,heterogeneous,learned,dr,linear,3,0.30867273464072886,0.16408000000000006,0.1445927346407288,0.0567929744720459
20000,0.6,heterogeneous,learned,tlearner,lgbm,3,0.30194895543763184,0.16408000000000006,0.13786895543763178,1.3751721382141113
20000,0.6,heterogeneous,raw,dr,lgbm,4,0.2520796487735128,0.16408000000000006,0.08799964877351274,6.622685194015503
20000,0.6,heterogeneous,raw,dr,linear,4,0.25308270784422565,0.16408000000000006,0.08900270784422559,2.116748094558716
20000,0.6,heterogeneous,raw,tlearner,lgbm,4,0.2588171223845235,0.16408000000000006,0.09473712238452342,1.7150089740753174
20000,0.6,heterogeneous,concept,dr,lgbm,4,0.3120284952511139,0.16408000000000006,0.14794849525111387,4.33481502532959
20000,0.6,heterogeneous,concept,dr,linear,4,0.3137201511453767,0.16408000000000006,0.14964015114537665,0.0625462532043457
20000,0.6,heterogeneous,concept,tlearner,lgbm,4,0.30775886106158257,0.16408000000000006,0.1436788610615825,1.5174057483673096
20000,0.6,heterogeneous,learned,dr,lgbm,4,0.3009836067504788,0.16408000000000006,0.13690360675047875,3.831286668777466
20000,0.6,heterogeneous,learned,dr,linear,4,0.3059464023807834,0.16408000000000006,0.14186640238078335,0.06084799766540527
20000,0.6,heterogeneous,learned,tlearner,lgbm,4,0.30131496004219527,0.16408000000000006,0.1372349600421952,1.3463716506958008
20000,0.6,heterogeneous,raw,dr,lgbm,5,0.2646857809223744,0.16408000000000006,0.10060578092237432,6.39465594291687
20000,0.6,heterogeneous,raw,dr,linear,5,0.2669023677728949,0.16408000000000006,0.10282236777289483,2.1313090324401855
20000,0.6,heterogeneous,raw,tlearner,lgbm,5,0.25257719535436673,0.16408000000000006,0.08849719535436668,2.0090718269348145
20000,0.6,heterogeneous,concept,dr,lgbm,5,0.3122132777838285,0.16408000000000006,0.14813327778382845,4.573533773422241
20000,0.6,heterogeneous,concept,dr,linear,5,0.3111758492132952,0.16408000000000006,0.14709584921329516,0.06020188331604004
20000,0.6,heterogeneous,concept,tlearner,lgbm,5,0.3076671245607822,0.16408000000000006,0.14358712456078215,1.4709370136260986
20000,0.6,heterogeneous,learned,dr,lgbm,5,0.2961113489339759,0.16408000000000006,0.13203134893397583,3.7564611434936523
20000,0.6,heterogeneous,learned,dr,linear,5,0.2949706765826628,0.16408000000000006,0.13089067658266273,0.05648016929626465
20000,0.6,heterogeneous,learned,tlearner,lgbm,5,0.29333943318955497,0.16408000000000006,0.1292594331895549,1.5256428718566895
20000,0.6,heterogeneous,raw,dr,lgbm,6,0.24814727527663188,0.16408000000000006,0.08406727527663183,6.463147878646851
20000,0.6,heterogeneous,raw,dr,linear,6,0.259549857535276,0.16408000000000006,0.09546985753527593,2.1313538551330566
20000,0.6,heterogeneous,raw,tlearner,lgbm,6,0.25303504697599144,0.16408000000000006,0.08895504697599138,1.6711909770965576
20000,0.6,heterogeneous,concept,dr,lgbm,6,0.30915092080734813,0.16408000000000006,0.14507092080734807,3.909350872039795
20000,0.6,heterogeneous,concept,dr,linear,6,0.30995890014355065,0.16408000000000006,0.1458789001435506,0.05279803276062012
20000,0.6,heterogeneous,concept,tlearner,lgbm,6,0.3035521225585064,0.16408000000000006,0.13947212255850633,1.58986496925354
20000,0.6,heterogeneous,learned,dr,lgbm,6,0.2956741093031346,0.16408000000000006,0.13159410930313453,3.864687919616699
20000,0.6,heterogeneous,learned,dr,linear,6,0.3006134738277213,0.16408000000000006,0.13653347382772124,0.05769705772399902
20000,0.6,heterogeneous,learned,tlearner,lgbm,6,0.29279643462621896,0.16408000000000006,0.1287164346262189,1.4166970252990723
20000,0.6,heterogeneous,raw,dr,lgbm,7,0.2495274698919873,0.16408000000000006,0.08544746989198723,6.709801197052002
20000,0.6,heterogeneous,raw,dr,linear,7,0.2556721077190134,0.16408000000000006,0.09159210771901333,2.364469051361084
20000,0.6,heterogeneous,raw,tlearner,lgbm,7,0.2631054211303492,0.16408000000000006,0.09902542113034912,1.7519471645355225
20000,0.6,heterogeneous,concept,dr,lgbm,7,0.31838677849084424,0.16408000000000006,0.15430677849084418,4.321435928344727
20000,0.6,heterogeneous,concept,dr,linear,7,0.3186426863565162,0.16408000000000006,0.15456268635651615,0.06187582015991211
20000,0.6,heterogeneous,concept,tlearner,lgbm,7,0.3147258044977144,0.16408000000000006,0.15064580449771436,1.5633039474487305
20000,0.6,heterogeneous,learned,dr,lgbm,7,0.30385980078268143,0.16408000000000006,0.13977980078268137,3.79502272605896
20000,0.6,heterogeneous,learned,dr,linear,7,0.30881575528606364,0.16408000000000006,0.14473575528606358,0.05492997169494629
20000,0.6,heterogeneous,learned,tlearner,lgbm,7,0.30307767445554284,0.16408000000000006,0.13899767445554279,1.4514539241790771
20000,0.6,heterogeneous,raw,dr,lgbm,8,0.2755051396188115,0.16408000000000006,0.11142513961881145,6.825844049453735
20000,0.6,heterogeneous,raw,dr,linear,8,0.2781095850405076,0.16408000000000006,0.11402958504050753,2.279244899749756
20000,0.6,heterogeneous,raw,tlearner,lgbm,8,0.24853269562149427,0.16408000000000006,0.08445269562149421,1.7471201419830322
20000,0.6,heterogeneous,concept,dr,lgbm,8,0.3035884412887639,0.16408000000000006,0.13950844128876383,4.178193092346191
20000,0.6,heterogeneous,concept,dr,linear,8,0.30403346787209096,0.16408000000000006,0.1399534678720909,0.06060194969177246
20000,0.6,heterogeneous,concept,tlearner,lgbm,8,0.2994611929098525,0.16408000000000006,0.13538119290985245,1.586221694946289
20000,0.6,heterogeneous,learned,dr,lgbm,8,0.28983667437527993,0.16408000000000006,0.12575667437527988,4.237414836883545
20000,0.6,heterogeneous,learned,dr,linear,8,0.29030958326607664,0.16408000000000006,0.12622958326607658,0.06252598762512207
20000,0.6,heterogeneous,learned,tlearner,lgbm,8,0.28631323802241,0.16408000000000006,0.12223323802240993,1.4685161113739014
20000,0.6,heterogeneous,raw,dr,lgbm,9,0.27499219023937793,0.16408000000000006,0.11091219023937787,6.6370251178741455
20000,0.6,heterogeneous,raw,dr,linear,9,0.2733822228272785,0.16408000000000006,0.10930222282727842,2.114219903945923
20000,0.6,heterogeneous,raw,tlearner,lgbm,9,0.2680579746967314,0.16408000000000006,0.10397797469673137,1.658592939376831
20000,0.6,heterogeneous,concept,dr,lgbm,9,0.3279473418779141,0.16408000000000006,0.16386734187791402,3.9462802410125732
20000,0.6,heterogeneous,concept,dr,linear,9,0.32926011107825975,0.16408000000000006,0.1651801110782597,0.05344891548156738
20000,0.6,heterogeneous,concept,tlearner,lgbm,9,0.3255993037983079,0.16408000000000006,0.16151930379830787,1.4710972309112549
20000,0.6,heterogeneous,learned,dr,lgbm,9,0.30767482163294724,0.16408000000000006,0.14359482163294718,3.806760311126709
20000,0.6,heterogeneous,learned,dr,linear,9,0.30980356937108333,0.16408000000000006,0.14572356937108327,0.05479884147644043
20000,0.6,heterogeneous,learned,tlearner,lgbm,9,0.3090699848948476,0.16408000000000006,0.14498998489484755,1.35506272315979
